-- phpMyAdmin SQL Dump
-- version 5.2.0
-- https://www.phpmyadmin.net/
--
-- Host: localhost:3306
-- Generation Time: Dec 25, 2025 at 11:59 PM
-- Server version: 8.0.30
-- PHP Version: 8.1.10

SET SQL_MODE = "NO_AUTO_VALUE_ON_ZERO";
START TRANSACTION;
SET time_zone = "+00:00";


/*!40101 SET @OLD_CHARACTER_SET_CLIENT=@@CHARACTER_SET_CLIENT */;
/*!40101 SET @OLD_CHARACTER_SET_RESULTS=@@CHARACTER_SET_RESULTS */;
/*!40101 SET @OLD_COLLATION_CONNECTION=@@COLLATION_CONNECTION */;
/*!40101 SET NAMES utf8mb4 */;

--
-- Database: `db_myremind`
--

-- --------------------------------------------------------

--
-- Table structure for table `dosen`
--

CREATE TABLE `dosen` (
  `KodeDosen` varchar(20) COLLATE utf8mb4_general_ci NOT NULL,
  `NamaDosen` varchar(100) COLLATE utf8mb4_general_ci NOT NULL,
  `Email` varchar(100) COLLATE utf8mb4_general_ci NOT NULL
) ENGINE=InnoDB DEFAULT CHARSET=utf8mb4 COLLATE=utf8mb4_general_ci;

--
-- Dumping data for table `dosen`
--

INSERT INTO `dosen` (`KodeDosen`, `NamaDosen`, `Email`) VALUES
('ADM001', 'Admin LMS', 'admin@myremind.id'),
('DSN001', 'Dr. Budi Santoso', 'budi@telkom.ac.id'),
('DSN1763436368', 'Fatimah', 'dosen.691be750cafa5@telkom.ac.id'),
('DSN1763436413', 'Jawa', 'dosen.691be77d4a89c@telkom.ac.id'),
('DSN1763448756', 'tes', 'dosen.691c17b46ea8c@telkom.ac.id'),
('DSN1766665147', 'Pak Eko', 'dosen.694d2bbb1ec92@telkom.ac.id');

-- --------------------------------------------------------

--
-- Table structure for table `grup`
--

CREATE TABLE `grup` (
  `KodeGrup` varchar(50) COLLATE utf8mb4_general_ci NOT NULL,
  `NamaGrup` varchar(100) COLLATE utf8mb4_general_ci NOT NULL,
  `Deskripsi` text COLLATE utf8mb4_general_ci,
  `CreatedBy` varchar(20) COLLATE utf8mb4_general_ci NOT NULL,
  `CreatedAt` datetime DEFAULT CURRENT_TIMESTAMP,
  `UpdatedAt` datetime DEFAULT CURRENT_TIMESTAMP ON UPDATE CURRENT_TIMESTAMP
) ENGINE=InnoDB DEFAULT CHARSET=utf8mb4 COLLATE=utf8mb4_general_ci;

--
-- Dumping data for table `grup`
--

INSERT INTO `grup` (`KodeGrup`, `NamaGrup`, `Deskripsi`, `CreatedBy`, `CreatedAt`, `UpdatedAt`) VALUES
('GRP-1766686501-c09f69', 'GROUP TEST YAAA', 'OKAYY', '1030222344', '2025-12-26 01:15:01', '2025-12-26 01:15:01'),
('GRP-1766702794-aaab4', 'dd', 'dd', '20202020', '2025-12-26 05:46:35', '2025-12-26 05:46:35'),
('GRP-1766704162', 'Test Group', 'Test Description', '1301200001', '2025-12-26 06:09:22', '2025-12-26 06:09:22'),
('GRP-1766704163', 'Group 1', 'Desc 1', '1301200001', '2025-12-26 06:09:23', '2025-12-26 06:09:23'),
('GRP-1766704164', 'Group 2', 'Desc 2', '1301200001', '2025-12-26 06:09:24', '2025-12-26 06:09:24'),
('GRP-1766704165', 'Test Group', 'Test Description', '1301200001', '2025-12-26 06:09:25', '2025-12-26 06:09:25'),
('GRP-1766704166', 'Test Group', 'Test Description', '1301200001', '2025-12-26 06:09:26', '2025-12-26 06:09:26'),
('GRP-1766704168', 'Test Group', 'Test Description', '1301200001', '2025-12-26 06:09:28', '2025-12-26 06:09:28'),
('GRP-1766704217', 'Test Group', 'Test Description', '1301200001', '2025-12-26 06:10:17', '2025-12-26 06:10:17'),
('GRP-1766704218', 'Test Group', 'Test Description', '1301200001', '2025-12-26 06:10:18', '2025-12-26 06:10:18'),
('GRP-1766704219', 'Test Group', 'Test Description', '1301200001', '2025-12-26 06:10:19', '2025-12-26 06:10:19'),
('GRP-1766704221', 'Test Group', 'Test Description', '1301200001', '2025-12-26 06:10:21', '2025-12-26 06:10:21'),
('GRP-1766704244', 'Test Group', 'Test Description', '1301200001', '2025-12-26 06:10:44', '2025-12-26 06:10:44'),
('GRP-1766704245', 'Test Group', 'Test Description', '1301200001', '2025-12-26 06:10:45', '2025-12-26 06:10:45'),
('GRP-1766704246', 'Test Group', 'Test Description', '1301200001', '2025-12-26 06:10:46', '2025-12-26 06:10:46'),
('GRP-1766704248', 'Test Group', 'Test Description', '1301200001', '2025-12-26 06:10:48', '2025-12-26 06:10:48'),
('GRP-1766704320', 'Test Group', 'Test Description', '1301200001', '2025-12-26 06:12:00', '2025-12-26 06:12:00'),
('GRP-1766704321', 'Group 1', 'Desc 1', '1301200001', '2025-12-26 06:12:01', '2025-12-26 06:12:01'),
('GRP-1766704322', 'Group 2', 'Desc 2', '1301200001', '2025-12-26 06:12:02', '2025-12-26 06:12:02'),
('GRP-1766704323', 'Test Group', 'Test Description', '1301200001', '2025-12-26 06:12:03', '2025-12-26 06:12:03'),
('GRP-1766704324', 'Test Group', 'Test Description', '1301200001', '2025-12-26 06:12:04', '2025-12-26 06:12:04'),
('GRP-1766704418', 'Test Group', 'Test Description', '1301200001', '2025-12-26 06:13:38', '2025-12-26 06:13:38'),
('GRP-1766704419-1700', 'Test Group', 'Test Description', '1301200001', '2025-12-26 06:13:39', '2025-12-26 06:13:39'),
('GRP-1766704420', 'Test Group', 'Test Description', '1301200001', '2025-12-26 06:13:40', '2025-12-26 06:13:40'),
('GRP-1766704421', 'Test Group', 'Test Description', '1301200001', '2025-12-26 06:13:41', '2025-12-26 06:13:41'),
('GRP-1766704535', 'Test Group', 'Test Description', '1301200001', '2025-12-26 06:15:35', '2025-12-26 06:15:35'),
('GRP-1766704536', 'Group 1', 'Desc 1', '1301200001', '2025-12-26 06:15:36', '2025-12-26 06:15:36'),
('GRP-1766704537', 'Group 2', 'Desc 2', '1301200001', '2025-12-26 06:15:37', '2025-12-26 06:15:37'),
('GRP-1766704538', 'Test Group', 'Test Description', '1301200001', '2025-12-26 06:15:38', '2025-12-26 06:15:38'),
('GRP-1766704538-4174', 'Test Group', 'Test Description', '1301200001', '2025-12-26 06:15:38', '2025-12-26 06:15:38'),
('GRP-1766704540', 'Test Group', 'Test Description', '1301200001', '2025-12-26 06:15:40', '2025-12-26 06:15:40'),
('GRP-1766704827', 'Test Group', 'Test Description', '1301200001', '2025-12-26 06:20:27', '2025-12-26 06:20:27'),
('GRP-1766704828', 'Group 1', 'Desc 1', '1301200001', '2025-12-26 06:20:28', '2025-12-26 06:20:28'),
('GRP-1766704829', 'Group 2', 'Desc 2', '1301200001', '2025-12-26 06:20:29', '2025-12-26 06:20:29'),
('GRP-1766704830-9546', 'Test Group', 'Test Description', '1301200001', '2025-12-26 06:20:30', '2025-12-26 06:20:30'),
('GRP-1766704831', 'Test Group', 'Test Description', '1301200001', '2025-12-26 06:20:31', '2025-12-26 06:20:31'),
('GRP-1766704832', 'Test Group', 'Test Description', '1301200001', '2025-12-26 06:20:32', '2025-12-26 06:20:32'),
('GRP-1766704886', 'Test Group', 'Test Description', '1301200001', '2025-12-26 06:21:26', '2025-12-26 06:21:26'),
('GRP-1766704887', 'Group 1', 'Desc 1', '1301200001', '2025-12-26 06:21:27', '2025-12-26 06:21:27'),
('GRP-1766704888', 'Group 2', 'Desc 2', '1301200001', '2025-12-26 06:21:28', '2025-12-26 06:21:28'),
('GRP-1766704889', 'Test Group', 'Test Description', '1301200001', '2025-12-26 06:21:29', '2025-12-26 06:21:29'),
('GRP-1766704889-2025', 'Test Group', 'Test Description', '1301200001', '2025-12-26 06:21:29', '2025-12-26 06:21:29'),
('GRP-1766704891', 'Test Group', 'Test Description', '1301200001', '2025-12-26 06:21:31', '2025-12-26 06:21:31'),
('GRP-1766705087', 'Test Group', 'Test Description', '1301200001', '2025-12-26 06:24:47', '2025-12-26 06:24:47'),
('GRP-1766705088', 'Group 1', 'Desc 1', '1301200001', '2025-12-26 06:24:48', '2025-12-26 06:24:48'),
('GRP-1766705089', 'Group 2', 'Desc 2', '1301200001', '2025-12-26 06:24:49', '2025-12-26 06:24:49'),
('GRP-1766705090-4028', 'Test Group', 'Test Description', '1301200001', '2025-12-26 06:24:50', '2025-12-26 06:24:50'),
('GRP-1766705091', 'Test Group', 'Test Description', '1301200001', '2025-12-26 06:24:51', '2025-12-26 06:24:51'),
('GRP-1766705092', 'Test Group', 'Test Description', '1301200001', '2025-12-26 06:24:52', '2025-12-26 06:24:52'),
('GRP-1766705128', 'Test Group', 'Test Description', '1301200001', '2025-12-26 06:25:28', '2025-12-26 06:25:28'),
('GRP-1766705129', 'Group 1', 'Desc 1', '1301200001', '2025-12-26 06:25:29', '2025-12-26 06:25:29'),
('GRP-1766705130', 'Group 2', 'Desc 2', '1301200001', '2025-12-26 06:25:30', '2025-12-26 06:25:30'),
('GRP-1766705130-9014', 'Test Group', 'Test Description', '1301200001', '2025-12-26 06:25:31', '2025-12-26 06:25:31'),
('GRP-1766705131', 'Test Group', 'Test Description', '1301200001', '2025-12-26 06:25:31', '2025-12-26 06:25:31'),
('GRP-1766705133', 'Test Group', 'Test Description', '1301200001', '2025-12-26 06:25:33', '2025-12-26 06:25:33'),
('GRP-1766705187', 'Test Group', 'Test Description', '1301200001', '2025-12-26 06:26:27', '2025-12-26 06:26:27'),
('GRP-1766705188', 'Group 1', 'Desc 1', '1301200001', '2025-12-26 06:26:28', '2025-12-26 06:26:28'),
('GRP-1766705189', 'Group 2', 'Desc 2', '1301200001', '2025-12-26 06:26:29', '2025-12-26 06:26:29'),
('GRP-1766705189-6569', 'Test Group', 'Test Description', '1301200001', '2025-12-26 06:26:29', '2025-12-26 06:26:29'),
('GRP-1766705190', 'Test Group', 'Test Description', '1301200001', '2025-12-26 06:26:30', '2025-12-26 06:26:30'),
('GRP-1766705191', 'Test Group', 'Test Description', '1301200001', '2025-12-26 06:26:31', '2025-12-26 06:26:31'),
('GRP-1766705253', 'Test Group', 'Test Description', '1301200001', '2025-12-26 06:27:33', '2025-12-26 06:27:33'),
('GRP-1766705254', 'Group 1', 'Desc 1', '1301200001', '2025-12-26 06:27:34', '2025-12-26 06:27:34'),
('GRP-1766705255', 'Group 2', 'Desc 2', '1301200001', '2025-12-26 06:27:35', '2025-12-26 06:27:35'),
('GRP-1766705256-5802', 'Test Group', 'Test Description', '1301200001', '2025-12-26 06:27:36', '2025-12-26 06:27:36'),
('GRP-1766705257', 'Test Group', 'Test Description', '1301200001', '2025-12-26 06:27:37', '2025-12-26 06:27:37'),
('GRP-1766705258', 'Test Group', 'Test Description', '1301200001', '2025-12-26 06:27:38', '2025-12-26 06:27:38'),
('GRP-1766705288', 'Test Group', 'Test Description', '1301200001', '2025-12-26 06:28:08', '2025-12-26 06:28:08'),
('GRP-1766705289-3072', 'Test Group', 'Test Description', '1301200001', '2025-12-26 06:28:09', '2025-12-26 06:28:09'),
('GRP-1766705290', 'Test Group', 'Test Description', '1301200001', '2025-12-26 06:28:10', '2025-12-26 06:28:10'),
('GRP-1766705292', 'Test Group', 'Test Description', '1301200001', '2025-12-26 06:28:12', '2025-12-26 06:28:12'),
('GRP-1766705422', 'Test Group', 'Test Description', '1301200001', '2025-12-26 06:30:22', '2025-12-26 06:30:22'),
('GRP-1766705423', 'Group 1', 'Desc 1', '1301200001', '2025-12-26 06:30:23', '2025-12-26 06:30:23'),
('GRP-1766705424', 'Group 2', 'Desc 2', '1301200001', '2025-12-26 06:30:24', '2025-12-26 06:30:24'),
('GRP-1766705425-9131', 'Test Group', 'Test Description', '1301200001', '2025-12-26 06:30:25', '2025-12-26 06:30:25'),
('GRP-1766705426', 'Test Group', 'Test Description', '1301200001', '2025-12-26 06:30:26', '2025-12-26 06:30:26'),
('GRP-1766705427', 'Test Group', 'Test Description', '1301200001', '2025-12-26 06:30:28', '2025-12-26 06:30:28'),
('GRP-1766705461', 'Test Group', 'Test Description', '1301200001', '2025-12-26 06:31:01', '2025-12-26 06:31:01'),
('GRP-1766705462', 'Group 1', 'Desc 1', '1301200001', '2025-12-26 06:31:02', '2025-12-26 06:31:02'),
('GRP-1766705463', 'Group 2', 'Desc 2', '1301200001', '2025-12-26 06:31:03', '2025-12-26 06:31:03'),
('GRP-1766705464-4638', 'Test Group', 'Test Description', '1301200001', '2025-12-26 06:31:04', '2025-12-26 06:31:04'),
('GRP-1766705465', 'Test Group', 'Test Description', '1301200001', '2025-12-26 06:31:05', '2025-12-26 06:31:05'),
('GRP-1766705467', 'Test Group', 'Test Description', '1301200001', '2025-12-26 06:31:07', '2025-12-26 06:31:07'),
('GRP-1766705490', 'Test Group', 'Test Description', '1301200001', '2025-12-26 06:31:30', '2025-12-26 06:31:30'),
('GRP-1766705491-2245', 'Test Group', 'Test Description', '1301200001', '2025-12-26 06:31:31', '2025-12-26 06:31:31'),
('GRP-1766705492', 'Test Group', 'Test Description', '1301200001', '2025-12-26 06:31:32', '2025-12-26 06:31:32'),
('GRP-1766705494', 'Test Group', 'Test Description', '1301200001', '2025-12-26 06:31:34', '2025-12-26 06:31:34'),
('GRP-1766705533', 'Test Group', 'Test Description', '1301200001', '2025-12-26 06:32:13', '2025-12-26 06:32:13'),
('GRP-1766705534-8443', 'Test Group', 'Test Description', '1301200001', '2025-12-26 06:32:14', '2025-12-26 06:32:14'),
('GRP-1766705535', 'Test Group', 'Test Description', '1301200001', '2025-12-26 06:32:15', '2025-12-26 06:32:15'),
('GRP-1766705536', 'Test Group', 'Test Description', '1301200001', '2025-12-26 06:32:16', '2025-12-26 06:32:16'),
('GRP-1766705630', 'Test Group', 'Test Description', '1301200001', '2025-12-26 06:33:50', '2025-12-26 06:33:50'),
('GRP-1766705631-3349', 'Group 1', 'Desc 1', '1301200001', '2025-12-26 06:33:51', '2025-12-26 06:33:51'),
('GRP-1766705632-9533', 'Group 2', 'Desc 2', '1301200001', '2025-12-26 06:33:52', '2025-12-26 06:33:52'),
('GRP-1766705633-8485', 'Test Group', 'Test Description', '1301200001', '2025-12-26 06:33:53', '2025-12-26 06:33:53'),
('GRP-1766705634', 'Test Group', 'Test Description', '1301200001', '2025-12-26 06:33:54', '2025-12-26 06:33:54'),
('GRP-1766705635', 'Test Group', 'Test Description', '1301200001', '2025-12-26 06:33:55', '2025-12-26 06:33:55'),
('GRP-1766705666', 'Test Group', 'Test Description', '1301200001', '2025-12-26 06:34:26', '2025-12-26 06:34:26'),
('GRP-1766705667-1642', 'Group 1', 'Desc 1', '1301200001', '2025-12-26 06:34:27', '2025-12-26 06:34:27'),
('GRP-1766705668-7130', 'Group 2', 'Desc 2', '1301200001', '2025-12-26 06:34:28', '2025-12-26 06:34:28'),
('GRP-1766705669-6158', 'Test Group', 'Test Description', '1301200001', '2025-12-26 06:34:29', '2025-12-26 06:34:29'),
('GRP-1766705670', 'Test Group', 'Test Description', '1301200001', '2025-12-26 06:34:30', '2025-12-26 06:34:30'),
('GRP-1766705672', 'Test Group', 'Test Description', '1301200001', '2025-12-26 06:34:32', '2025-12-26 06:34:32'),
('GRP-1766705682', 'Test Group', 'Test Description', '1301200001', '2025-12-26 06:34:42', '2025-12-26 06:34:42'),
('GRP-1766705683-8057', 'Group 1', 'Desc 1', '1301200001', '2025-12-26 06:34:43', '2025-12-26 06:34:43'),
('GRP-1766705684-7993', 'Group 2', 'Desc 2', '1301200001', '2025-12-26 06:34:44', '2025-12-26 06:34:44'),
('GRP-1766705685-9490', 'Test Group', 'Test Description', '1301200001', '2025-12-26 06:34:45', '2025-12-26 06:34:45'),
('GRP-1766705687', 'Test Group', 'Test Description', '1301200001', '2025-12-26 06:34:47', '2025-12-26 06:34:47'),
('GRP-1766705688', 'Test Group', 'Test Description', '1301200001', '2025-12-26 06:34:48', '2025-12-26 06:34:48'),
('GRP-1766705730', 'Test Group', 'Test Description', '1301200001', '2025-12-26 06:35:30', '2025-12-26 06:35:30'),
('GRP-1766705731-9315', 'Group 1', 'Desc 1', '1301200001', '2025-12-26 06:35:31', '2025-12-26 06:35:31'),
('GRP-1766705732-1558', 'Test Group', 'Test Description', '1301200001', '2025-12-26 06:35:32', '2025-12-26 06:35:32'),
('GRP-1766705732-9817', 'Group 2', 'Desc 2', '1301200001', '2025-12-26 06:35:32', '2025-12-26 06:35:32'),
('GRP-1766705733', 'Test Group', 'Test Description', '1301200001', '2025-12-26 06:35:33', '2025-12-26 06:35:33'),
('GRP-1766705735', 'Test Group', 'Test Description', '1301200001', '2025-12-26 06:35:35', '2025-12-26 06:35:35'),
('GRP-1766705772', 'Test Group', 'Test Description', '1301200001', '2025-12-26 06:36:12', '2025-12-26 06:36:12'),
('GRP-1766705773-2286', 'Group 1', 'Desc 1', '1301200001', '2025-12-26 06:36:13', '2025-12-26 06:36:13'),
('GRP-1766705774-9293', 'Group 2', 'Desc 2', '1301200001', '2025-12-26 06:36:14', '2025-12-26 06:36:14'),
('GRP-1766705775-6188', 'Test Group', 'Test Description', '1301200001', '2025-12-26 06:36:15', '2025-12-26 06:36:15'),
('GRP-1766705776', 'Test Group', 'Test Description', '1301200001', '2025-12-26 06:36:16', '2025-12-26 06:36:16'),
('GRP-1766705780', 'Test Group', 'Test Description', '1301200001', '2025-12-26 06:36:20', '2025-12-26 06:36:20'),
('GRP-1766705812', 'Test Group', 'Test Description', '1301200001', '2025-12-26 06:36:52', '2025-12-26 06:36:52'),
('GRP-1766705812-8328', 'Group 1', 'Desc 1', '1301200001', '2025-12-26 06:36:52', '2025-12-26 06:36:52'),
('GRP-1766705814-1137', 'Test Group', 'Test Description', '1301200001', '2025-12-26 06:36:54', '2025-12-26 06:36:54'),
('GRP-1766705814-4589', 'Group 2', 'Desc 2', '1301200001', '2025-12-26 06:36:54', '2025-12-26 06:36:54'),
('GRP-1766705816', 'Test Group', 'Test Description', '1301200001', '2025-12-26 06:36:56', '2025-12-26 06:36:56'),
('GRP-1766705817', 'Test Group', 'Test Description', '1301200001', '2025-12-26 06:36:57', '2025-12-26 06:36:57'),
('GRP-1766705858', 'Test Group', 'Test Description', '1301200001', '2025-12-26 06:37:38', '2025-12-26 06:37:38'),
('GRP-1766705859-6062', 'Group 1', 'Desc 1', '1301200001', '2025-12-26 06:37:39', '2025-12-26 06:37:39'),
('GRP-1766705860-8498', 'Group 2', 'Desc 2', '1301200001', '2025-12-26 06:37:40', '2025-12-26 06:37:40'),
('GRP-1766705861-9954', 'Test Group', 'Test Description', '1301200001', '2025-12-26 06:37:41', '2025-12-26 06:37:41'),
('GRP-1766705862', 'Test Group', 'Test Description', '1301200001', '2025-12-26 06:37:42', '2025-12-26 06:37:42'),
('GRP-1766705864', 'Test Group', 'Test Description', '1301200001', '2025-12-26 06:37:44', '2025-12-26 06:37:44');

-- --------------------------------------------------------

--
-- Table structure for table `grup_anggota`
--

CREATE TABLE `grup_anggota` (
  `ID` int NOT NULL,
  `KodeGrup` varchar(50) COLLATE utf8mb4_general_ci NOT NULL,
  `NIM` varchar(20) COLLATE utf8mb4_general_ci NOT NULL,
  `Role` enum('owner','admin','member') COLLATE utf8mb4_general_ci DEFAULT 'member',
  `JoinedAt` datetime DEFAULT CURRENT_TIMESTAMP
) ENGINE=InnoDB DEFAULT CHARSET=utf8mb4 COLLATE=utf8mb4_general_ci;

--
-- Dumping data for table `grup_anggota`
--

INSERT INTO `grup_anggota` (`ID`, `KodeGrup`, `NIM`, `Role`, `JoinedAt`) VALUES
(1, 'GRP-1766686501-c09f69', '1030222344', 'owner', '2025-12-26 01:15:01'),
(2, 'GRP-1766686501-c09f69', '1301200001', 'member', '2025-12-26 01:27:39'),
(5, 'GRP-1766702794-aaab4', '20202020', 'owner', '2025-12-26 05:46:35'),
(7, 'GRP-1766702794-aaab4', '20003033', 'member', '2025-12-26 05:49:53'),
(8, 'GRP-1766704162', '1301200001', 'owner', '2025-12-26 06:09:22'),
(9, 'GRP-1766704163', '1301200001', 'owner', '2025-12-26 06:09:23'),
(10, 'GRP-1766704164', '1301200001', 'owner', '2025-12-26 06:09:24'),
(11, 'GRP-1766704165', '1301200001', 'owner', '2025-12-26 06:09:25'),
(12, 'GRP-1766704165', '1301200002', 'member', '2025-12-26 06:09:25'),
(13, 'GRP-1766704166', '1301200001', 'owner', '2025-12-26 06:09:26'),
(14, 'GRP-1766704168', '1301200001', 'owner', '2025-12-26 06:09:28'),
(15, 'GRP-1766704168', '1301200002', 'member', '2025-12-26 06:09:28'),
(16, 'GRP-1766704217', '1301200001', 'owner', '2025-12-26 06:10:17'),
(17, 'GRP-1766704218', '1301200001', 'owner', '2025-12-26 06:10:18'),
(18, 'GRP-1766704218', '1301200002', 'member', '2025-12-26 06:10:18'),
(19, 'GRP-1766704219', '1301200001', 'owner', '2025-12-26 06:10:19'),
(20, 'GRP-1766704221', '1301200001', 'owner', '2025-12-26 06:10:21'),
(21, 'GRP-1766704221', '1301200002', 'member', '2025-12-26 06:10:21'),
(22, 'GRP-1766704244', '1301200001', 'owner', '2025-12-26 06:10:44'),
(23, 'GRP-1766704245', '1301200001', 'owner', '2025-12-26 06:10:45'),
(24, 'GRP-1766704245', '1301200002', 'member', '2025-12-26 06:10:46'),
(25, 'GRP-1766704246', '1301200001', 'owner', '2025-12-26 06:10:46'),
(26, 'GRP-1766704248', '1301200001', 'owner', '2025-12-26 06:10:48'),
(27, 'GRP-1766704248', '1301200002', 'member', '2025-12-26 06:10:48'),
(28, 'GRP-1766704320', '1301200001', 'owner', '2025-12-26 06:12:00'),
(29, 'GRP-1766704321', '1301200001', 'owner', '2025-12-26 06:12:01'),
(30, 'GRP-1766704322', '1301200001', 'owner', '2025-12-26 06:12:02'),
(31, 'GRP-1766704323', '1301200001', 'owner', '2025-12-26 06:12:03'),
(32, 'GRP-1766704324', '1301200001', 'owner', '2025-12-26 06:12:04'),
(33, 'GRP-1766704324', '1301200002', 'member', '2025-12-26 06:12:05'),
(34, 'GRP-1766704418', '1301200001', 'owner', '2025-12-26 06:13:38'),
(35, 'GRP-1766704419-1700', '1301200001', 'owner', '2025-12-26 06:13:39'),
(36, 'GRP-1766704419-1700', '1301200002', 'member', '2025-12-26 06:13:39'),
(37, 'GRP-1766704420', '1301200001', 'owner', '2025-12-26 06:13:40'),
(38, 'GRP-1766704421', '1301200001', 'owner', '2025-12-26 06:13:41'),
(39, 'GRP-1766704421', '1301200002', 'member', '2025-12-26 06:13:42'),
(40, 'GRP-1766704535', '1301200001', 'owner', '2025-12-26 06:15:35'),
(41, 'GRP-1766704536', '1301200001', 'owner', '2025-12-26 06:15:36'),
(42, 'GRP-1766704537', '1301200001', 'owner', '2025-12-26 06:15:37'),
(43, 'GRP-1766704538-4174', '1301200001', 'owner', '2025-12-26 06:15:38'),
(44, 'GRP-1766704538-4174', '1301200002', 'member', '2025-12-26 06:15:38'),
(45, 'GRP-1766704538', '1301200001', 'owner', '2025-12-26 06:15:38'),
(46, 'GRP-1766704540', '1301200001', 'owner', '2025-12-26 06:15:40'),
(47, 'GRP-1766704540', '1301200002', 'member', '2025-12-26 06:15:40'),
(48, 'GRP-1766704827', '1301200001', 'owner', '2025-12-26 06:20:27'),
(49, 'GRP-1766704828', '1301200001', 'owner', '2025-12-26 06:20:28'),
(50, 'GRP-1766704829', '1301200001', 'owner', '2025-12-26 06:20:29'),
(51, 'GRP-1766704830-9546', '1301200001', 'owner', '2025-12-26 06:20:30'),
(52, 'GRP-1766704830-9546', '1301200002', 'member', '2025-12-26 06:20:30'),
(53, 'GRP-1766704831', '1301200001', 'owner', '2025-12-26 06:20:31'),
(54, 'GRP-1766704832', '1301200001', 'owner', '2025-12-26 06:20:32'),
(55, 'GRP-1766704832', '1301200002', 'member', '2025-12-26 06:20:32'),
(56, 'GRP-1766704886', '1301200001', 'owner', '2025-12-26 06:21:26'),
(57, 'GRP-1766704887', '1301200001', 'owner', '2025-12-26 06:21:27'),
(58, 'GRP-1766704888', '1301200001', 'owner', '2025-12-26 06:21:28'),
(59, 'GRP-1766704889-2025', '1301200001', 'owner', '2025-12-26 06:21:29'),
(60, 'GRP-1766704889-2025', '1301200002', 'member', '2025-12-26 06:21:29'),
(61, 'GRP-1766704889', '1301200001', 'owner', '2025-12-26 06:21:30'),
(62, 'GRP-1766704891', '1301200001', 'owner', '2025-12-26 06:21:31'),
(63, 'GRP-1766704891', '1301200002', 'member', '2025-12-26 06:21:32'),
(64, 'GRP-1766705087', '1301200001', 'owner', '2025-12-26 06:24:47'),
(65, 'GRP-1766705088', '1301200001', 'owner', '2025-12-26 06:24:48'),
(66, 'GRP-1766705089', '1301200001', 'owner', '2025-12-26 06:24:49'),
(67, 'GRP-1766705090-4028', '1301200001', 'owner', '2025-12-26 06:24:50'),
(68, 'GRP-1766705090-4028', '1301200002', 'member', '2025-12-26 06:24:50'),
(69, 'GRP-1766705091', '1301200001', 'owner', '2025-12-26 06:24:51'),
(70, 'GRP-1766705092', '1301200001', 'owner', '2025-12-26 06:24:52'),
(71, 'GRP-1766705092', '1301200002', 'member', '2025-12-26 06:24:53'),
(72, 'GRP-1766705128', '1301200001', 'owner', '2025-12-26 06:25:28'),
(73, 'GRP-1766705129', '1301200001', 'owner', '2025-12-26 06:25:29'),
(74, 'GRP-1766705130', '1301200001', 'owner', '2025-12-26 06:25:30'),
(75, 'GRP-1766705130-9014', '1301200001', 'owner', '2025-12-26 06:25:31'),
(76, 'GRP-1766705130-9014', '1301200002', 'member', '2025-12-26 06:25:31'),
(77, 'GRP-1766705131', '1301200001', 'owner', '2025-12-26 06:25:31'),
(78, 'GRP-1766705133', '1301200001', 'owner', '2025-12-26 06:25:33'),
(79, 'GRP-1766705133', '1301200002', 'member', '2025-12-26 06:25:33'),
(80, 'GRP-1766705187', '1301200001', 'owner', '2025-12-26 06:26:27'),
(81, 'GRP-1766705188', '1301200001', 'owner', '2025-12-26 06:26:28'),
(82, 'GRP-1766705189', '1301200001', 'owner', '2025-12-26 06:26:29'),
(83, 'GRP-1766705189-6569', '1301200001', 'owner', '2025-12-26 06:26:29'),
(84, 'GRP-1766705189-6569', '1301200002', 'member', '2025-12-26 06:26:30'),
(85, 'GRP-1766705190', '1301200001', 'owner', '2025-12-26 06:26:30'),
(86, 'GRP-1766705191', '1301200001', 'owner', '2025-12-26 06:26:31'),
(87, 'GRP-1766705191', '1301200002', 'member', '2025-12-26 06:26:32'),
(88, 'GRP-1766705253', '1301200001', 'owner', '2025-12-26 06:27:33'),
(89, 'GRP-1766705254', '1301200001', 'owner', '2025-12-26 06:27:34'),
(90, 'GRP-1766705255', '1301200001', 'owner', '2025-12-26 06:27:35'),
(91, 'GRP-1766705256-5802', '1301200001', 'owner', '2025-12-26 06:27:36'),
(92, 'GRP-1766705256-5802', '1301200002', 'member', '2025-12-26 06:27:36'),
(93, 'GRP-1766705257', '1301200001', 'owner', '2025-12-26 06:27:37'),
(94, 'GRP-1766705258', '1301200001', 'owner', '2025-12-26 06:27:38'),
(95, 'GRP-1766705258', '1301200002', 'member', '2025-12-26 06:27:39'),
(96, 'GRP-1766705288', '1301200001', 'owner', '2025-12-26 06:28:08'),
(97, 'GRP-1766705289-3072', '1301200001', 'owner', '2025-12-26 06:28:09'),
(98, 'GRP-1766705289-3072', '1301200002', 'member', '2025-12-26 06:28:10'),
(99, 'GRP-1766705290', '1301200001', 'owner', '2025-12-26 06:28:10'),
(100, 'GRP-1766705292', '1301200001', 'owner', '2025-12-26 06:28:12'),
(101, 'GRP-1766705292', '1301200002', 'member', '2025-12-26 06:28:12'),
(102, 'GRP-1766705422', '1301200001', 'owner', '2025-12-26 06:30:22'),
(103, 'GRP-1766705423', '1301200001', 'owner', '2025-12-26 06:30:23'),
(104, 'GRP-1766705424', '1301200001', 'owner', '2025-12-26 06:30:24'),
(105, 'GRP-1766705425-9131', '1301200001', 'owner', '2025-12-26 06:30:25'),
(106, 'GRP-1766705425-9131', '1301200002', 'member', '2025-12-26 06:30:25'),
(107, 'GRP-1766705426', '1301200001', 'owner', '2025-12-26 06:30:26'),
(108, 'GRP-1766705427', '1301200001', 'owner', '2025-12-26 06:30:28'),
(109, 'GRP-1766705427', '1301200002', 'member', '2025-12-26 06:30:28'),
(110, 'GRP-1766705461', '1301200001', 'owner', '2025-12-26 06:31:01'),
(111, 'GRP-1766705462', '1301200001', 'owner', '2025-12-26 06:31:02'),
(112, 'GRP-1766705463', '1301200001', 'owner', '2025-12-26 06:31:03'),
(113, 'GRP-1766705464-4638', '1301200001', 'owner', '2025-12-26 06:31:04'),
(114, 'GRP-1766705464-4638', '1301200002', 'member', '2025-12-26 06:31:05'),
(115, 'GRP-1766705465', '1301200001', 'owner', '2025-12-26 06:31:05'),
(116, 'GRP-1766705467', '1301200001', 'owner', '2025-12-26 06:31:07'),
(117, 'GRP-1766705467', '1301200002', 'member', '2025-12-26 06:31:08'),
(118, 'GRP-1766705490', '1301200001', 'owner', '2025-12-26 06:31:30'),
(119, 'GRP-1766705491-2245', '1301200001', 'owner', '2025-12-26 06:31:31'),
(120, 'GRP-1766705491-2245', '1301200002', 'member', '2025-12-26 06:31:32'),
(121, 'GRP-1766705492', '1301200001', 'owner', '2025-12-26 06:31:32'),
(122, 'GRP-1766705494', '1301200001', 'owner', '2025-12-26 06:31:34'),
(123, 'GRP-1766705494', '1301200002', 'member', '2025-12-26 06:31:34'),
(124, 'GRP-1766705533', '1301200001', 'owner', '2025-12-26 06:32:13'),
(125, 'GRP-1766705534-8443', '1301200001', 'owner', '2025-12-26 06:32:14'),
(126, 'GRP-1766705534-8443', '1301200002', 'member', '2025-12-26 06:32:14'),
(127, 'GRP-1766705535', '1301200001', 'owner', '2025-12-26 06:32:15'),
(128, 'GRP-1766705536', '1301200001', 'owner', '2025-12-26 06:32:16'),
(129, 'GRP-1766705536', '1301200002', 'member', '2025-12-26 06:32:17'),
(130, 'GRP-1766705630', '1301200001', 'owner', '2025-12-26 06:33:50'),
(131, 'GRP-1766705631-3349', '1301200001', 'owner', '2025-12-26 06:33:51'),
(132, 'GRP-1766705632-9533', '1301200001', 'owner', '2025-12-26 06:33:52'),
(133, 'GRP-1766705633-8485', '1301200001', 'owner', '2025-12-26 06:33:53'),
(134, 'GRP-1766705633-8485', '1301200002', 'member', '2025-12-26 06:33:53'),
(135, 'GRP-1766705634', '1301200001', 'owner', '2025-12-26 06:33:54'),
(136, 'GRP-1766705635', '1301200001', 'owner', '2025-12-26 06:33:55'),
(137, 'GRP-1766705635', '1301200002', 'member', '2025-12-26 06:33:56'),
(138, 'GRP-1766705666', '1301200001', 'owner', '2025-12-26 06:34:26'),
(139, 'GRP-1766705667-1642', '1301200001', 'owner', '2025-12-26 06:34:27'),
(140, 'GRP-1766705668-7130', '1301200001', 'owner', '2025-12-26 06:34:28'),
(141, 'GRP-1766705669-6158', '1301200001', 'owner', '2025-12-26 06:34:29'),
(142, 'GRP-1766705669-6158', '1301200002', 'member', '2025-12-26 06:34:29'),
(143, 'GRP-1766705670', '1301200001', 'owner', '2025-12-26 06:34:30'),
(144, 'GRP-1766705672', '1301200001', 'owner', '2025-12-26 06:34:32'),
(145, 'GRP-1766705672', '1301200002', 'member', '2025-12-26 06:34:32'),
(146, 'GRP-1766705682', '1301200001', 'owner', '2025-12-26 06:34:42'),
(147, 'GRP-1766705683-8057', '1301200001', 'owner', '2025-12-26 06:34:43'),
(148, 'GRP-1766705684-7993', '1301200001', 'owner', '2025-12-26 06:34:44'),
(149, 'GRP-1766705685-9490', '1301200001', 'owner', '2025-12-26 06:34:45'),
(150, 'GRP-1766705685-9490', '1301200002', 'member', '2025-12-26 06:34:46'),
(151, 'GRP-1766705687', '1301200001', 'owner', '2025-12-26 06:34:47'),
(152, 'GRP-1766705688', '1301200001', 'owner', '2025-12-26 06:34:48'),
(153, 'GRP-1766705688', '1301200002', 'member', '2025-12-26 06:34:49'),
(154, 'GRP-1766705730', '1301200001', 'owner', '2025-12-26 06:35:30'),
(155, 'GRP-1766705731-9315', '1301200001', 'owner', '2025-12-26 06:35:31'),
(156, 'GRP-1766705732-9817', '1301200001', 'owner', '2025-12-26 06:35:32'),
(157, 'GRP-1766705732-1558', '1301200001', 'owner', '2025-12-26 06:35:32'),
(158, 'GRP-1766705732-1558', '1301200002', 'member', '2025-12-26 06:35:32'),
(159, 'GRP-1766705733', '1301200001', 'owner', '2025-12-26 06:35:33'),
(160, 'GRP-1766705735', '1301200001', 'owner', '2025-12-26 06:35:35'),
(161, 'GRP-1766705735', '1301200002', 'member', '2025-12-26 06:35:35'),
(162, 'GRP-1766705772', '1301200001', 'owner', '2025-12-26 06:36:12'),
(163, 'GRP-1766705773-2286', '1301200001', 'owner', '2025-12-26 06:36:13'),
(164, 'GRP-1766705774-9293', '1301200001', 'owner', '2025-12-26 06:36:14'),
(165, 'GRP-1766705775-6188', '1301200001', 'owner', '2025-12-26 06:36:15'),
(166, 'GRP-1766705775-6188', '1301200002', 'member', '2025-12-26 06:36:15'),
(167, 'GRP-1766705776', '1301200001', 'owner', '2025-12-26 06:36:16'),
(168, 'GRP-1766705780', '1301200001', 'owner', '2025-12-26 06:36:20'),
(169, 'GRP-1766705780', '1301200002', 'member', '2025-12-26 06:36:20'),
(170, 'GRP-1766705812', '1301200001', 'owner', '2025-12-26 06:36:52'),
(171, 'GRP-1766705812-8328', '1301200001', 'owner', '2025-12-26 06:36:52'),
(172, 'GRP-1766705814-4589', '1301200001', 'owner', '2025-12-26 06:36:54'),
(173, 'GRP-1766705814-1137', '1301200001', 'owner', '2025-12-26 06:36:54'),
(174, 'GRP-1766705814-1137', '1301200002', 'member', '2025-12-26 06:36:55'),
(175, 'GRP-1766705816', '1301200001', 'owner', '2025-12-26 06:36:56'),
(176, 'GRP-1766705817', '1301200001', 'owner', '2025-12-26 06:36:57'),
(177, 'GRP-1766705817', '1301200002', 'member', '2025-12-26 06:36:57'),
(178, 'GRP-1766705858', '1301200001', 'owner', '2025-12-26 06:37:38'),
(179, 'GRP-1766705859-6062', '1301200001', 'owner', '2025-12-26 06:37:39'),
(180, 'GRP-1766705860-8498', '1301200001', 'owner', '2025-12-26 06:37:40'),
(181, 'GRP-1766705861-9954', '1301200001', 'owner', '2025-12-26 06:37:41'),
(182, 'GRP-1766705861-9954', '1301200002', 'member', '2025-12-26 06:37:41'),
(183, 'GRP-1766705862', '1301200001', 'owner', '2025-12-26 06:37:42'),
(184, 'GRP-1766705864', '1301200001', 'owner', '2025-12-26 06:37:44'),
(185, 'GRP-1766705864', '1301200002', 'member', '2025-12-26 06:37:44');

-- --------------------------------------------------------

--
-- Table structure for table `grup_invite`
--

CREATE TABLE `grup_invite` (
  `ID` int NOT NULL,
  `KodeGrup` varchar(50) COLLATE utf8mb4_general_ci NOT NULL,
  `InviteCode` varchar(20) COLLATE utf8mb4_general_ci NOT NULL,
  `CreatedBy` varchar(20) COLLATE utf8mb4_general_ci NOT NULL,
  `ExpiresAt` datetime DEFAULT NULL,
  `MaxUses` int DEFAULT NULL,
  `UsedCount` int DEFAULT '0',
  `CreatedAt` datetime DEFAULT CURRENT_TIMESTAMP
) ENGINE=InnoDB DEFAULT CHARSET=utf8mb4 COLLATE=utf8mb4_general_ci;

--
-- Dumping data for table `grup_invite`
--

INSERT INTO `grup_invite` (`ID`, `KodeGrup`, `InviteCode`, `CreatedBy`, `ExpiresAt`, `MaxUses`, `UsedCount`, `CreatedAt`) VALUES
(1, 'GRP-1766686501-c09f69', '1EFD84F8', '1030222344', '2026-01-02 01:25:53', NULL, 0, '2025-12-26 01:25:53'),
(2, 'GRP-1766686501-c09f69', 'EF6FAF9A', '1030222344', '2026-01-02 01:27:03', NULL, 1, '2025-12-26 01:27:03');

-- --------------------------------------------------------

--
-- Table structure for table `grup_jadwal`
--

CREATE TABLE `grup_jadwal` (
  `KodeJadwal` varchar(50) COLLATE utf8mb4_general_ci NOT NULL,
  `KodeGrup` varchar(50) COLLATE utf8mb4_general_ci NOT NULL,
  `JudulKegiatan` varchar(200) COLLATE utf8mb4_general_ci NOT NULL,
  `Deskripsi` text COLLATE utf8mb4_general_ci,
  `TanggalMulai` datetime NOT NULL,
  `TanggalSelesai` datetime NOT NULL,
  `Lokasi` varchar(100) COLLATE utf8mb4_general_ci DEFAULT NULL,
  `CreatedBy` varchar(20) COLLATE utf8mb4_general_ci NOT NULL,
  `CreatedAt` datetime DEFAULT CURRENT_TIMESTAMP,
  `UpdatedAt` datetime DEFAULT CURRENT_TIMESTAMP ON UPDATE CURRENT_TIMESTAMP
) ENGINE=InnoDB DEFAULT CHARSET=utf8mb4 COLLATE=utf8mb4_general_ci;

--
-- Dumping data for table `grup_jadwal`
--

INSERT INTO `grup_jadwal` (`KodeJadwal`, `KodeGrup`, `JudulKegiatan`, `Deskripsi`, `TanggalMulai`, `TanggalSelesai`, `Lokasi`, `CreatedBy`, `CreatedAt`, `UpdatedAt`) VALUES
('EVT-1766687182-7352a5', 'GRP-1766686501-c09f69', 'Ngerjain tubes', 'asikk', '2025-12-26 08:26:00', '2026-01-03 01:26:00', '302', '1030222344', '2025-12-26 01:26:22', '2025-12-26 01:26:22'),
('EVT-1766702841-f85ac8', 'GRP-1766702794-aaab4', 'dd', 'dd', '2025-12-26 05:52:00', '2026-01-10 05:47:00', 'dd', '20003033', '2025-12-26 05:47:21', '2025-12-26 05:47:21');

-- --------------------------------------------------------

--
-- Table structure for table `jadwalkuliah`
--

CREATE TABLE `jadwalkuliah` (
  `KodeJadwal` int NOT NULL,
  `KodeMK` varchar(20) COLLATE utf8mb4_general_ci NOT NULL,
  `NIM` varchar(20) COLLATE utf8mb4_general_ci NOT NULL,
  `Kelas` varchar(20) COLLATE utf8mb4_general_ci NOT NULL DEFAULT 'IF-47-01',
  `Hari` enum('Senin','Selasa','Rabu','Kamis','Jumat','Sabtu') COLLATE utf8mb4_general_ci NOT NULL,
  `JamMulai` time NOT NULL,
  `JamSelesai` time NOT NULL,
  `Ruangan` varchar(20) COLLATE utf8mb4_general_ci NOT NULL
) ENGINE=InnoDB DEFAULT CHARSET=utf8mb4 COLLATE=utf8mb4_general_ci;

--
-- Dumping data for table `jadwalkuliah`
--

INSERT INTO `jadwalkuliah` (`KodeJadwal`, `KodeMK`, `NIM`, `Kelas`, `Hari`, `JamMulai`, `JamSelesai`, `Ruangan`) VALUES
(1, 'IF101', '1301210001', 'IF-47-01', 'Senin', '08:00:00', '10:00:00', 'GKU-101'),
(2, 'DKV101', '1301210002', 'IF-47-01', 'Selasa', '13:00:00', '15:00:00', 'B-204'),
(3, 'IFX-46-GAB', '1030123123', 'IF-47-01', 'Senin', '09:30:00', '12:30:00', 'KU1.02.16'),
(4, 'IF-123', '1030123123', 'IF-47-01', 'Selasa', '12:30:00', '15:30:00', 'KU1.02.16'),
(5, 'IFX-46-GAB', '103012300399', 'IF-47-01', 'Senin', '09:30:00', '12:30:00', 'KU1.02.16'),
(6, 'IF-123', '103012300399', 'IF-47-01', 'Senin', '12:30:00', '15:30:00', 'KU1.02.16'),
(8, 'MK-6E678D', '1301220366', 'IF-46-08', 'Senin', '08:00:00', '10:00:00', 'TULT0702'),
(9, 'MK-20A69A', '1301220366', 'IF-47-01', 'Senin', '22:35:00', '22:37:00', 'TULT0702'),
(10, 'MK-603776', '1301220366', 'IF-47-01', 'Senin', '14:48:00', '22:53:00', 'TULT0702'),
(11, 'MK-20A69A', '1030222344', 'IF-47-01', 'Senin', '04:04:00', '06:04:00', 'TULT0702'),
(12, 'MK-20A69A', '1030222344', 'IF-47-01', 'Jumat', '10:04:00', '06:04:00', ''),
(13, 'MK-664FDF', '1030222344', 'IF-47-01', 'Kamis', '06:05:00', '06:05:00', 'TULT0702'),
(14, 'MK-20A69A', '1030222344', 'IF-47-01', 'Jumat', '02:40:00', '04:03:00', 'TULT-0702'),
(15, 'MK-664FDF', '1301200001', 'IF-47-01', 'Jumat', '03:21:00', '08:54:00', 'TULT 0714'),
(16, 'MK-194204', '20202020', 'IF-47-01', 'Selasa', '03:43:00', '03:46:00', 'ff'),
(17, 'MK-20A69A', '20202020', 'IF-47-01', 'Selasa', '05:30:00', '03:02:00', 'TULT-0702'),
(18, 'MK-DDC6FC', '20202020', 'IF-47-01', 'Selasa', '08:07:00', '04:12:00', 'ddd'),
(19, 'MK-E966A1', '20202020', 'efef', 'Jumat', '09:11:00', '07:11:00', 'efefe'),
(20, 'MK-226642', '20202020', 'efef', 'Senin', '04:16:00', '07:12:00', 'efefe'),
(21, 'MK-57737F', '20202020', 'efef', 'Jumat', '08:13:00', '07:13:00', 'efef'),
(22, 'MK-E966A1', '20202020', 'dvdv', 'Rabu', '08:14:00', '07:14:00', 'dvdv'),
(23, 'MK-57737F', '20202020', 'IF-46-08', 'Jumat', '04:25:00', '07:20:00', 'TULT-0702'),
(24, 'MK-DAFD38', '20202020', 'IF-46-08', 'Jumat', '11:06:00', '12:05:00', 'd'),
(25, 'MK-9E6DB2', '101011', 'IF 01', 'Jumat', '07:30:00', '10:52:00', 'TULT-0702');

-- --------------------------------------------------------

--
-- Table structure for table `mahasiswa`
--

CREATE TABLE `mahasiswa` (
  `NIM` varchar(20) COLLATE utf8mb4_general_ci NOT NULL,
  `Nama` varchar(100) COLLATE utf8mb4_general_ci NOT NULL,
  `Email` varchar(100) COLLATE utf8mb4_general_ci NOT NULL,
  `Password` varchar(255) COLLATE utf8mb4_general_ci NOT NULL,
  `Jurusan` varchar(50) COLLATE utf8mb4_general_ci NOT NULL
) ENGINE=InnoDB DEFAULT CHARSET=utf8mb4 COLLATE=utf8mb4_general_ci;

--
-- Dumping data for table `mahasiswa`
--

INSERT INTO `mahasiswa` (`NIM`, `Nama`, `Email`, `Password`, `Jurusan`) VALUES
('101011', 'cuy', 'cuy@gmail.com', '$2y$10$UQ7gUqb0Pl8ycY6DINX4CekghlpR1M5hCDas9rP3Q5gyqY67Y39zS', 'Teknik Informatika'),
('103002', 'budi@gmail.com', 'budi@gmail.com', '$2y$10$Mz.bz9vfYUBx0qT9RPq/7uEQiGa/IRMevAFaARSyXlIqs23l..Ouu', 'Teknik Informatika'),
('103012300239', 'tes', 'ahmadnaufalr@student.telkomuniversity.ac.id', '$2y$10$9xMs/BM9fBI.a3R3lurHG.oAG56gVQMPnmm8hxZoTE/Ys1wlWMLdS', 'Informatika'),
('103012300399', 'Muhammad Ridwan Arrayyan', 'ridwan@student.telkomuniversity.ac.id', '$2y$10$9nacZPdXywnOcpuGyDMib.T5IvxU67ZYLmx6jbeFwEGYZa4ANwiEm', 'Informatika'),
('1030123123', 'tes', 'tes@student.telkomuniversity.ac.id', '$2y$10$PUFOskQT2hbYeBO49AyE9uChAVUDd5WLmuss8AcL7HUfaq2N70bFS', 'Informatika'),
('1030222344', 'ucok', 'ucok@gmail.com', '$2y$10$YBKGHpnNW6FPDkvy8yqzvO0kBhPyXEMm0LNQ7N1HhghfETFKM/5r.', 'Informatika'),
('1301200001', 'Test User', 'testuser@student.telkomuniversity.ac.id', '$2y$10$xevhw8fiF/c1E7tGsNsbe.PBjB6P7kj7sBEAW/kov1XQxRS.Co7Ie', 'Informatika'),
('1301200002', 'Another User', 'test@example.com', '$2y$12$R5dI8vtHr7qg.RYTUwkJtOHJp.BwOWGJNHYcI6IJGdpkrTVn6Q.hW', 'Teknik Informatika'),
('1301210001', 'Ahmad Fauzi', 'ahmad@student.telkomuniversity.ac.id', '$2y$10$Md/j.t5.0.X.1.2.3.4.5.6.7.8.9.0.1.2.3.4.5.6.7.8.9.0', 'Informatika'),
('1301210002', 'Gita Gutawa', 'gita@student.telkomuniversity.ac.id', '$2y$10$Md/j.t5.0.X.1.2.3.4.5.6.7.8.9.0.1.2.3.4.5.6.7.8.9.0', 'Desain Komunikasi Visual'),
('1301220366', 'Mega', 'megaaabnwi@student.telkomuniversity.ac.id', '$2y$10$M0o9NvRofjQMYO8cr4oxRuQ1wPe6lXgWDYBVH49Jebiya0tPse6L2', 'Informatika'),
('20003033', 'totok', 'tototk@gmail.com', '$2y$10$sbM2RwzxWX4WVM0ViM1r9.zTa3ZOHPJ0XvfBS/bknCs9dBDuVEzG6', 'Teknik Informatika'),
('20202020', 'bob', 'linggayorfel@gmail.com', '$2y$10$SXE79QJ0JXNcRIrXQILJ2u3H0.qCxxoQm2DfmhQHGJCVq2yfjFBCS', 'Informatika');

-- --------------------------------------------------------

--
-- Table structure for table `matakuliah`
--

CREATE TABLE `matakuliah` (
  `KodeMK` varchar(20) COLLATE utf8mb4_general_ci NOT NULL,
  `NamaMK` varchar(100) COLLATE utf8mb4_general_ci NOT NULL,
  `SKS` int NOT NULL,
  `KodeDosen` varchar(20) COLLATE utf8mb4_general_ci DEFAULT NULL
) ENGINE=InnoDB DEFAULT CHARSET=utf8mb4 COLLATE=utf8mb4_general_ci;

--
-- Dumping data for table `matakuliah`
--

INSERT INTO `matakuliah` (`KodeMK`, `NamaMK`, `SKS`, `KodeDosen`) VALUES
('DKV101', 'Nirmana Dwi Matra', 3, 'DSN001'),
('GENERAL', 'Tugas LMS (Umum)', 0, 'ADM001'),
('IF-123', 'Pemrograman Web', 3, 'DSN1763436413'),
('IF101', 'Pemrograman Web', 3, 'DSN001'),
('IF102', 'Basis Data', 4, 'DSN001'),
('IFX-46-GAB', 'Tata Tulis', 3, 'DSN1763436368'),
('MK-194204', 'f', 3, NULL),
('MK-20A69A', 'webpro', 3, NULL),
('MK-226642', 'fefefe', 3, NULL),
('MK-3ED13A', 'tes', 3, 'DSN1763448756'),
('MK-57737F', 'fefef', 3, NULL),
('MK-603776', 'dccdc', 3, NULL),
('MK-651C56', 'wdwdw', 3, NULL),
('MK-664FDF', 'basdat', 3, NULL),
('MK-6E678D', 'IMPAL', 3, 'DSN1766665147'),
('MK-793E45', 'dd', 3, NULL),
('MK-9E6DB2', 'alpro', 3, NULL),
('MK-A95271', 'KJK', 3, NULL),
('MK-B02FE6', 'ss', 3, NULL),
('MK-C299B1', 'dwdwdw', 3, NULL),
('MK-D45A45', 'jjj', 3, NULL),
('MK-DAFD38', 'ddd', 3, NULL),
('MK-DDC6FC', 'cdcdcd', 3, NULL),
('MK-E966A1', 'efefef', 3, NULL);

-- --------------------------------------------------------

--
-- Table structure for table `tugas`
--

CREATE TABLE `tugas` (
  `KodeTugas` varchar(50) COLLATE utf8mb4_general_ci NOT NULL,
  `NIM` varchar(20) COLLATE utf8mb4_general_ci NOT NULL,
  `KodeMK` varchar(20) COLLATE utf8mb4_general_ci NOT NULL,
  `JudulTugas` varchar(200) COLLATE utf8mb4_general_ci NOT NULL,
  `Deskripsi` text COLLATE utf8mb4_general_ci,
  `Deadline` datetime NOT NULL,
  `JenisTugas` enum('Individu','Kelompok','Quiz','UTS','UAS') COLLATE utf8mb4_general_ci DEFAULT 'Individu',
  `StatusTugas` enum('Aktif','In Progress','Selesai','Expired') COLLATE utf8mb4_general_ci DEFAULT 'Aktif'
) ENGINE=InnoDB DEFAULT CHARSET=utf8mb4 COLLATE=utf8mb4_general_ci;

--
-- Dumping data for table `tugas`
--

INSERT INTO `tugas` (`KodeTugas`, `NIM`, `KodeMK`, `JudulTugas`, `Deskripsi`, `Deadline`, `JenisTugas`, `StatusTugas`) VALUES
('LMS-1766680793-23b507', '1301220366', 'GENERAL', 'Forum 14: Final Project Progress Review is due', 'Tugas Kelompok: \\nMasing-masing kelompok membuat  DISCUSSION TO', '2026-01-03 15:00:00', 'Individu', 'Aktif'),
('LMS-1766680793-30c44e', '1301220366', 'GENERAL', 'Peer-review is due', 'Silahkan nilai kontribusi anda dan rekan-rekan dalam satu kelom', '2025-12-28 16:59:00', 'Individu', 'Aktif'),
('LMS-1766680793-47356e', '1301220366', 'GENERAL', 'Quiz closes', 'Jawablah soal soal ini dengan teliti\\n', '2025-12-31 03:16:00', 'Individu', 'Aktif'),
('LMS-1766680793-6ad239', '1301220366', 'GENERAL', 'Asesmen 1: Design Explanation Report is due', 'SIFAT: Kelompok\\nINSTRUKSI:\\n\\n	* Berdasarkan project kelompok\\', '2025-12-27 16:59:00', 'Individu', 'Aktif'),
('LMS-1766680793-7da60b', '1301220366', 'GENERAL', 'Asesmen 2: Dokumen Lampiran dan Video Presentasi is due', 'SIFAT: Kelompok\\n\\nINSTRUKSI:\\n\\nBerdasarkan Tugas UAS1: Design', '2025-12-27 16:59:00', 'Individu', 'Aktif'),
('LMS-1766680793-a2f010', '1301220366', 'GENERAL', 'Pemberitahuan Modul 15 is due', 'Selamat hari sabtu semuanya 😀😀\\n\\nUntuk minggu ke-15 tidak akan', '2025-12-26 17:00:00', 'Individu', 'Aktif'),
('LMS-1766680793-adb1e2', '1301220366', 'GENERAL', 'Project 12a: Pengujian Prototype (Sub CLO 9-1-4) is due', 'TUGAS KELOMPOK\\n\\n	* Lakukan pengujian prototype sesuai dengan', '2025-12-22 15:00:00', 'Individu', 'Aktif'),
('LMS-1766680793-ae7fca', '1301220366', 'GENERAL', 'Project 12b: Pembuatan Pitch and Deck Presentation (Sub CLO 9-1-4)', 'Buatlah Pitch and Deck Presentation dari Project yang telah dis', '2025-12-22 15:00:00', 'Individu', 'Aktif'),
('LMS-1766680793-b2c2e3', '1301220366', 'GENERAL', 'Spesifikasi Tugas Besar II is due', 'Silahkan untuk mengumpulkan _link _yang berisi:\\n\\n	* Laporan T', '2025-12-31 16:59:00', 'Individu', 'Aktif'),
('LMS-1766680793-da0288', '1301220366', 'GENERAL', 'Final Project is due', '', '2026-01-04 17:00:00', 'Individu', 'Aktif'),
('LMS-1766680793-efd8ee', '1301220366', 'GENERAL', 'Tugas - Dokumen proyek Tubes- Manpro 16 - Presentasi is due', 'Tugas merupakan aktivitas mandiri atau tugas belajar yang akan', '2026-01-03 16:59:00', 'Individu', 'Aktif'),
('LMS-1766680985-024841', '1030222344', 'GENERAL', 'Pemberitahuan Modul 15 is due', 'Selamat hari sabtu semuanya 😀😀\\n\\nUntuk minggu ke-15 tidak akan', '2025-12-26 17:00:00', 'Individu', 'Selesai'),
('LMS-1766680985-03d69d', '1030222344', 'GENERAL', 'Pengumpulan Tugas PPT is due', 'Silahkan untuk upload tugas beruupa PPT\\n', '2025-12-28 08:00:00', 'Individu', 'Aktif'),
('LMS-1766680985-40b3f4', '1030222344', 'GENERAL', 'Asesmen 1: Design Explanation Report is due', 'SIFAT: Kelompok\\nINSTRUKSI:\\n\\n	* Berdasarkan project kelompok\\', '2025-12-27 16:59:00', 'Individu', 'Selesai'),
('LMS-1766680985-47f1ed', '1030222344', 'GENERAL', 'Asesmen 2: Dokumen Lampiran dan Video Presentasi is due', 'SIFAT: Kelompok\\n\\nINSTRUKSI:\\n\\nBerdasarkan Tugas UAS1: Design', '2025-12-27 16:59:00', 'Individu', 'Aktif'),
('LMS-1766680985-538748', '1030222344', 'GENERAL', 'Spesifikasi Tugas Besar II is due', 'Silahkan untuk mengumpulkan _link _yang berisi:\\n\\n	* Laporan T', '2025-12-31 16:59:00', 'Individu', 'Aktif'),
('LMS-1766680985-5f29b4', '1030222344', 'GENERAL', 'Project 12a: Pengujian Prototype (Sub CLO 9-1-4) is due', 'TUGAS KELOMPOK\\n\\n	* Lakukan pengujian prototype sesuai dengan', '2025-12-22 15:00:00', 'Individu', 'Aktif'),
('LMS-1766680985-780d6c', '1030222344', 'GENERAL', 'Tugas - Dokumen proyek Tubes- Manpro 16 - Presentasi is due', 'Tugas merupakan aktivitas mandiri atau tugas belajar yang akan', '2026-01-03 16:59:00', 'Individu', 'Aktif'),
('LMS-1766680985-7a8aab', '1030222344', 'GENERAL', 'Final Project is due', '', '2026-01-04 17:00:00', 'Individu', 'Aktif'),
('LMS-1766680985-8f24b6', '1030222344', 'GENERAL', 'Peer-review is due', 'Silahkan nilai kontribusi anda dan rekan-rekan dalam satu kelom', '2025-12-28 16:59:00', 'Individu', 'Aktif'),
('LMS-1766680985-c0524a', '1030222344', 'GENERAL', 'Forum 14: Final Project Progress Review is due', 'Tugas Kelompok: \\nMasing-masing kelompok membuat  DISCUSSION TO', '2026-01-03 15:00:00', 'Individu', 'Aktif'),
('LMS-1766680985-db2d60', '1030222344', 'GENERAL', 'Quiz closes', 'Jawablah soal soal ini dengan teliti\\n', '2025-12-31 03:16:00', 'Individu', 'Aktif'),
('LMS-1766680985-faeaf1', '1030222344', 'GENERAL', 'Pengumpulan Video is due', 'Silahkan uplaod link video proyek sosial\\n\\n', '2025-12-28 08:00:00', 'Individu', 'Aktif'),
('LMS-1766680985-fb0a43', '1030222344', 'GENERAL', 'Project 12b: Pembuatan Pitch and Deck Presentation (Sub CLO 9-1-4)', 'Buatlah Pitch and Deck Presentation dari Project yang telah dis', '2025-12-22 15:00:00', 'Individu', 'Aktif'),
('LMS-1766692828-09ae71', '1301200001', 'GENERAL', 'Pengumpulan Tugas PPT is due', 'Silahkan untuk upload tugas beruupa PPT\\n', '2025-12-28 08:00:00', 'Individu', 'Aktif'),
('LMS-1766692828-340539', '1301200001', 'GENERAL', 'Pemberitahuan Modul 15 is due', 'Selamat hari sabtu semuanya 😀😀\\n\\nUntuk minggu ke-15 tidak akan', '2025-12-26 17:00:00', 'Individu', 'Aktif'),
('LMS-1766692828-3af700', '1301200001', 'GENERAL', 'Final Project is due', '', '2026-01-04 17:00:00', 'Individu', 'Aktif'),
('LMS-1766692828-43752e', '1301200001', 'GENERAL', 'Asesmen 1: Design Explanation Report is due', 'SIFAT: Kelompok\\nINSTRUKSI:\\n\\n	* Berdasarkan project kelompok\\', '2025-12-27 16:59:00', 'Individu', 'Aktif'),
('LMS-1766692828-48df6a', '1301200001', 'GENERAL', 'Asesmen 2: Dokumen Lampiran dan Video Presentasi is due', 'SIFAT: Kelompok\\n\\nINSTRUKSI:\\n\\nBerdasarkan Tugas UAS1: Design', '2025-12-27 16:59:00', 'Individu', 'Aktif'),
('LMS-1766692828-48e38d', '1301200001', 'GENERAL', 'Tugas - Dokumen proyek Tubes- Manpro 16 - Presentasi is due', 'Tugas merupakan aktivitas mandiri atau tugas belajar yang akan', '2026-01-03 16:59:00', 'Individu', 'Aktif'),
('LMS-1766692828-6905e5', '1301200001', 'GENERAL', 'Pengumpulan Video is due', 'Silahkan uplaod link video proyek sosial\\n\\n', '2025-12-28 08:00:00', 'Individu', 'Aktif'),
('LMS-1766692828-8c3f86', '1301200001', 'GENERAL', 'Spesifikasi Tugas Besar II is due', 'Silahkan untuk mengumpulkan _link _yang berisi:\\n\\n	* Laporan T', '2025-12-31 16:59:00', 'Individu', 'Aktif'),
('LMS-1766692828-93d0df', '1301200001', 'GENERAL', 'Project 12a: Pengujian Prototype (Sub CLO 9-1-4) is due', 'TUGAS KELOMPOK\\n\\n	* Lakukan pengujian prototype sesuai dengan', '2025-12-22 15:00:00', 'Individu', 'Aktif'),
('LMS-1766692828-97dd6b', '1301200001', 'GENERAL', 'Project 12b: Pembuatan Pitch and Deck Presentation (Sub CLO 9-1-4)', 'Buatlah Pitch and Deck Presentation dari Project yang telah dis', '2025-12-22 15:00:00', 'Individu', 'Aktif'),
('LMS-1766692828-d351ce', '1301200001', 'GENERAL', 'Quiz closes', 'Jawablah soal soal ini dengan teliti\\n', '2025-12-31 03:16:00', 'Individu', 'Aktif'),
('LMS-1766692828-e2cf42', '1301200001', 'GENERAL', 'Peer-review is due', 'Silahkan nilai kontribusi anda dan rekan-rekan dalam satu kelom', '2025-12-28 16:59:00', 'Individu', 'Aktif'),
('LMS-1766692828-ffaf7f', '1301200001', 'GENERAL', 'Forum 14: Final Project Progress Review is due', 'Tugas Kelompok: \\nMasing-masing kelompok membuat  DISCUSSION TO', '2026-01-03 15:00:00', 'Individu', 'Aktif'),
('LMS-1766698131-209098', '20202020', 'GENERAL', 'Project 12b: Pembuatan Pitch and Deck Presentation (Sub CLO 9-1-4)', 'Buatlah Pitch and Deck Presentation dari Project yang telah dis', '2025-12-22 15:00:00', 'Individu', 'Aktif'),
('LMS-1766698131-29e8fb', '20202020', 'GENERAL', 'Pengumpulan Tugas PPT is due', 'Silahkan untuk upload tugas beruupa PPT\\n', '2025-12-28 08:00:00', 'Individu', 'Aktif'),
('LMS-1766698131-386020', '20202020', 'GENERAL', 'Project 12a: Pengujian Prototype (Sub CLO 9-1-4) is due', 'TUGAS KELOMPOK\\n\\n	* Lakukan pengujian prototype sesuai dengan', '2025-12-22 15:00:00', 'Individu', 'Aktif'),
('LMS-1766698131-3a2dd0', '20202020', 'GENERAL', 'Asesmen 1: Design Explanation Report is due', 'SIFAT: Kelompok\\nINSTRUKSI:\\n\\n	* Berdasarkan project kelompok\\', '2025-12-27 16:59:00', 'Individu', 'Aktif'),
('LMS-1766698131-502816', '20202020', 'GENERAL', 'Quiz closes', 'Jawablah soal soal ini dengan teliti\\n', '2025-12-31 03:16:00', 'Individu', 'Aktif'),
('LMS-1766698131-6e6453', '20202020', 'GENERAL', 'Asesmen 2: Dokumen Lampiran dan Video Presentasi is due', 'SIFAT: Kelompok\\n\\nINSTRUKSI:\\n\\nBerdasarkan Tugas UAS1: Design', '2025-12-27 16:59:00', 'Individu', 'Aktif'),
('LMS-1766698131-91ce98', '20202020', 'GENERAL', 'Peer-review is due', 'Silahkan nilai kontribusi anda dan rekan-rekan dalam satu kelom', '2025-12-28 16:59:00', 'Individu', 'Aktif'),
('LMS-1766698131-a290e1', '20202020', 'GENERAL', 'Spesifikasi Tugas Besar II is due', 'Silahkan untuk mengumpulkan _link _yang berisi:\\n\\n	* Laporan T', '2025-12-31 16:59:00', 'Individu', 'Aktif'),
('LMS-1766698131-c7892a', '20202020', 'GENERAL', 'Pengumpulan Video is due', 'Silahkan uplaod link video proyek sosial\\n\\n', '2025-12-28 08:00:00', 'Individu', 'Aktif'),
('LMS-1766698131-f97858', '20202020', 'GENERAL', 'Pemberitahuan Modul 15 is due', 'Selamat hari sabtu semuanya 😀😀\\n\\nUntuk minggu ke-15 tidak akan', '2025-12-26 17:00:00', 'Individu', 'Aktif'),
('LMS-1766698132-175bb0', '20202020', 'GENERAL', 'Final Project is due', '', '2026-01-04 17:00:00', 'Individu', 'Aktif'),
('LMS-1766698132-781d37', '20202020', 'GENERAL', 'Tugas - Dokumen proyek Tubes- Manpro 16 - Presentasi is due', 'Tugas merupakan aktivitas mandiri atau tugas belajar yang akan', '2026-01-03 16:59:00', 'Individu', 'Aktif'),
('LMS-1766698132-e225d2', '20202020', 'GENERAL', 'Forum 14: Final Project Progress Review is due', 'Tugas Kelompok: \\nMasing-masing kelompok membuat  DISCUSSION TO', '2026-01-03 15:00:00', 'Individu', 'Aktif'),
('LMS-1766706974-045822', '101011', 'GENERAL', 'UPLOAD DOKUMEN USER MANUAL is due', '', '2025-12-26 17:00:00', 'Individu', 'Aktif'),
('LMS-1766706974-109769', '101011', 'GENERAL', 'Kuis 15 - Working with Clouds closes', '', '2025-12-30 16:33:00', 'Individu', 'Aktif'),
('LMS-1766706974-2db786', '101011', 'GENERAL', 'Kuis 14 - Cloud Security closes', '', '2025-12-30 16:38:00', 'Individu', 'Aktif'),
('LMS-1766706974-36be8c', '101011', 'GENERAL', 'Quiz 4: Introduction to Privacy and Security closes', 'Quiz terkait materi pekan 6.\\n\\nProctoring ON (max violation 10', '2025-12-31 16:59:00', 'Individu', 'Aktif'),
('LMS-1766706974-4034c2', '101011', 'GENERAL', 'REMEDIAL Quiz: Socio-Informatics closes', 'Remedial Quiz terkait materi pekan 4-5.\\n\\nProctoring ON (max v', '2025-12-31 16:59:00', 'Individu', 'Aktif'),
('LMS-1766706974-4dc0bf', '101011', 'GENERAL', 'Softskill dalam Dunia Profesi is due', 'Buat dalam sebuah file tulisan yang menjelaskan pendapat anda t', '2025-12-31 16:59:00', 'Individu', 'Aktif'),
('LMS-1766706974-4f5469', '101011', 'GENERAL', 'Pengumpulan Video is due', 'Silahkan uplaod link video proyek sosial\\n\\n', '2025-12-28 08:00:00', 'Individu', 'Aktif'),
('LMS-1766706974-5291b6', '101011', 'GENERAL', 'Quiz Week 2 closes', '', '2025-12-31 16:59:00', 'Individu', 'Aktif'),
('LMS-1766706974-630dd4', '101011', 'GENERAL', 'Tugas 15 - Working with Clouds is due', '', '2025-12-30 16:59:00', 'Individu', 'Aktif'),
('LMS-1766706974-82ef85', '101011', 'GENERAL', 'Etika Profesi Dunia Informatika is due', 'Misalkan Anda ingin membangun sebuah perusahaan IT. Tuliskan ap', '2025-12-31 16:59:00', 'Individu', 'Aktif'),
('LMS-1766706974-8918ae', '101011', 'GENERAL', 'SOURCE CODE is due', 'Dokumen Source Code [1] atau link GitHub\\n\\n\\nLinks:\\n------\\n[', '2025-12-26 17:00:00', 'Individu', 'Aktif'),
('LMS-1766706974-8da564', '101011', 'GENERAL', 'Pengumpulan Tugas PPT is due', 'Silahkan untuk upload tugas beruupa PPT\\n', '2025-12-28 08:00:00', 'Individu', 'Aktif'),
('LMS-1766706974-9b3e40', '101011', 'GENERAL', 'Tugas Tel-U Career Day is due', 'Pengumpulan tugas laporan Tel-U Career Day dan tugas pengganti', '2025-12-31 16:59:00', 'Individu', 'Aktif'),
('LMS-1766706974-a02f9a', '101011', 'GENERAL', 'Tugas 14 - Cloud Security is due', '', '2025-12-30 16:59:00', 'Individu', 'Aktif'),
('LMS-1766706974-a1b4b4', '101011', 'GENERAL', 'Kuis 15 - Working with Clouds opens', '', '2025-12-23 04:20:00', 'Individu', 'Aktif'),
('LMS-1766706974-a9c0c5', '101011', 'GENERAL', 'Quiz Week 3 closes', '', '2025-12-31 16:59:00', 'Individu', 'Aktif'),
('LMS-1766706974-bacaee', '101011', 'GENERAL', 'Draft DNA dimunculkan is due', '', '2026-01-10 09:00:00', 'Individu', 'Aktif'),
('LMS-1766706974-c7f92a', '101011', 'GENERAL', 'UPLOAD DOKUMEN SKPL\\, DPPL\\, DUPL is due', '', '2025-12-26 17:00:00', 'Individu', 'Aktif'),
('LMS-1766706974-cde65f', '101011', 'GENERAL', 'Quiz 5: Privacy Governance closes', 'Quiz terkait materi pekan 7.\\n\\nProctoring ON (max violation 10', '2025-12-31 16:59:00', 'Individu', 'Aktif'),
('LMS-1766706974-dc2942', '101011', 'GENERAL', 'Quiz Week 1 closes', '', '2025-12-31 16:59:00', 'Individu', 'Aktif'),
('LMS-1766706974-e9417d', '101011', 'GENERAL', 'Quiz 6: Privacy Notice and Choice closes', 'Quiz terkait materi pekan 8.\\n\\nProctoring ON (max violation 10', '2025-12-31 16:59:00', 'Individu', 'Aktif'),
('LMS-1766706974-ead29a', '101011', 'GENERAL', 'UPLOAD SLIDE PRESENTASI is due', '', '2025-12-26 17:00:00', 'Individu', 'Aktif'),
('LMS-1766706974-edb1e5', '101011', 'GENERAL', 'QUIZ FINAL - Evaluasi anggota Kelompok is due', '', '2025-12-26 17:00:00', 'Individu', 'Aktif'),
('LMS-691c0fd520f3d', '103012300399', 'GENERAL', 'Tugas 4a is due', 'Anggaplah kelompok kalian sedang melakukan penelitian dan telah', '2025-11-13 07:00:00', 'Individu', 'Selesai'),
('LMS-691c0fd521dfd', '103012300399', 'GENERAL', 'PENGUMPULAN TUGAS POSTER is due', '', '2025-11-13 16:59:00', 'Individu', 'Selesai'),
('LMS-691c0fd523993', '103012300399', 'GENERAL', 'PENGUMPULAN TUGAS PAPPER - PROYEK RISET CLO1 is due', 'Silakan mengumpulkan artikel penelitian tinjauan literatur pada', '2025-11-13 16:59:00', 'Individu', 'Selesai'),
('LMS-691c0fd52436a', '103012300399', 'GENERAL', 'Pengumpulan Presentasi Tugas Proyek Riset is due', 'Setiap kelompok diharapkan mengunggah video presentasi dengan d', '2025-11-13 16:59:00', 'Individu', 'Selesai'),
('LMS-691c0fd524ff4', '103012300399', 'GENERAL', '[IF-48-01] Jurnal Modul 9 - Syscall Xinu', '', '2025-11-14 23:59:00', 'Individu', 'Aktif'),
('LMS-691c0fd5258e7', '103012300399', 'GENERAL', '[IF-48-01] Jurnal Modul 9 - Syscall Xinu', '', '2025-11-14 23:59:00', 'Individu', 'Aktif'),
('LMS-691c0fd526237', '103012300399', 'GENERAL', 'Quiz Awal Modul 10 IF-48-06', '', '2025-11-14 23:59:00', 'Individu', 'Aktif'),
('LMS-691c0fd527569', '103012300399', 'GENERAL', 'Quiz Awal Modul 10 IF-48-08 opens', '', '2025-11-14 17:00:00', 'Individu', 'Aktif'),
('LMS-691c0fd52809a', '103012300399', 'GENERAL', 'Quiz Awal Modul 10 IF-48-09 opens', '', '2025-11-14 17:00:00', 'Individu', 'Aktif'),
('LMS-691c0fd528a0f', '103012300399', 'GENERAL', 'Quiz Awal Modul 10 IF-48-10 opens', '', '2025-11-14 17:00:00', 'Individu', 'Aktif'),
('LMS-691c0fd5293f9', '103012300399', 'GENERAL', 'Quiz Awal Modul 10 IF-48-11 opens', '', '2025-11-14 17:00:00', 'Individu', 'Aktif'),
('LMS-691c0fd529ec5', '103012300399', 'GENERAL', 'Quiz Awal Modul 10 IF-48-12 opens', '', '2025-11-14 17:00:00', 'Individu', 'Aktif'),
('LMS-691c0fd52a9be', '103012300399', 'GENERAL', 'Quiz Awal Modul 10 IFX-48-GAB opens', '', '2025-11-14 17:00:00', 'Individu', 'Aktif'),
('LMS-691c0fd52b3ea', '103012300399', 'GENERAL', 'Preliminary Quiz Module 10 IF-48-INT opens', '', '2025-11-14 17:00:00', 'Individu', 'Aktif'),
('LMS-691c0fd52bef0', '103012300399', 'GENERAL', 'Quiz Awal Modul 10 IF-48-01 opens', '', '2025-11-14 17:00:00', 'Individu', 'Aktif'),
('LMS-691c0fd52cb57', '103012300399', 'GENERAL', 'Quiz Awal Modul 10 IF-48-05 opens', '', '2025-11-14 17:00:00', 'Individu', 'Aktif'),
('LMS-691c0fd52d55a', '103012300399', 'GENERAL', 'Quiz Awal Modul 10 IF-48-04 opens', '', '2025-11-14 17:00:00', 'Individu', 'Aktif'),
('LMS-691c0fd52ddf8', '103012300399', 'GENERAL', 'Quiz Awal Modul 10 IF-48-03 opens', '', '2025-11-14 17:00:00', 'Individu', 'Aktif'),
('LMS-691c0fd52e643', '103012300399', 'GENERAL', 'Quiz Awal Modul 10 IF-48-02 opens', '', '2025-11-14 17:00:00', 'Individu', 'Aktif'),
('LMS-691c0fd52eec2', '103012300399', 'GENERAL', '[IF-48-05] Jurnal Modul 9 - Syscall Xinu opens', '', '2025-11-15 00:40:00', 'Individu', 'Aktif'),
('LMS-691c0fd52f712', '103012300399', 'GENERAL', '[IF-48-05] Jurnal Modul 9 - Syscall Xinu closes', '', '2025-11-15 02:20:00', 'Individu', 'Aktif'),
('LMS-691c0fd52ff7a', '103012300399', 'GENERAL', '[IF-48-11] Jurnal Modul 9 -Syscall Xinu opens', '', '2025-11-15 03:40:00', 'Individu', 'Aktif'),
('LMS-691c0fd530838', '103012300399', 'GENERAL', '[IF-48-11] Jurnal Modul 9 -Syscall Xinu closes', '', '2025-11-15 05:20:00', 'Individu', 'Aktif'),
('LMS-691c0fd5310b8', '103012300399', 'GENERAL', 'Tugas Devensive Programming is due', '', '2025-11-15 06:00:00', 'Individu', 'Aktif'),
('LMS-691c0fd5318dd', '103012300399', 'GENERAL', 'Tugas 7 - Konsistensi dan Fault Tolerance is due', '', '2025-11-15 06:30:00', 'Individu', 'Aktif'),
('LMS-691c0fd532f09', '103012300399', 'GENERAL', '[IF-48-03] Jurnal Modul 9 - Syscall Xinu opens', '', '2025-11-15 06:40:00', 'Individu', 'Aktif'),
('LMS-691c0fd533809', '103012300399', 'GENERAL', '[IF-48-03] Jurnal Modul 9 - Syscall Xinu closes', '', '2025-11-15 08:20:00', 'Individu', 'Aktif'),
('LMS-691c0fd5341e1', '103012300399', 'GENERAL', 'Kuis 9 - Dasar Komputasi Awan opens', '', '2025-11-15 09:30:00', 'Individu', 'Aktif'),
('LMS-691c0fd534c83', '103012300399', 'GENERAL', '[IF-48-01PJJ] JURNAL MODUL 2 - INSTALASI XINU closes', '', '2025-11-15 16:59:00', 'Individu', 'Aktif'),
('LMS-691c0fd535609', '103012300399', 'GENERAL', '[IF-48-02PJJ] JURNAL MODUL 2 - INSTALASI XINU closes', '', '2025-11-15 16:59:00', 'Individu', 'Aktif'),
('LMS-691c0fd536197', '103012300399', 'GENERAL', '[IF-48-03PJJ] JURNAL MODUL 2 - INSTALASI XINU closes', '', '2025-11-15 16:59:00', 'Individu', 'Aktif'),
('LMS-691c0fd536b93', '103012300399', 'GENERAL', '[IF-48-01PJJ] JURNAL MODUL 3 - EKSPLORASI XINU closes', '', '2025-11-15 16:59:00', 'Individu', 'Aktif'),
('LMS-691c0fd5374cb', '103012300399', 'GENERAL', '[IF-48-02PJJ] JURNAL MODUL 3 - EKSPLORASI XINU closes', '', '2025-11-15 16:59:00', 'Individu', 'Aktif'),
('LMS-691c0fd537de5', '103012300399', 'GENERAL', '[IF-48-01PJJ] JURNAL MODUL 4 - MEMBACA SOURCE CODE XINU closes', '', '2025-11-15 16:59:00', 'Individu', 'Aktif'),
('LMS-691c0fd53869a', '103012300399', 'GENERAL', '[IF-48-02PJJ] JURNAL MODUL 4 - MEMBACA SOURCE CODE XINU closes', '', '2025-11-15 16:59:00', 'Individu', 'Aktif'),
('LMS-691c0fd538fa6', '103012300399', 'GENERAL', '[IF-48-03PJJ] JURNAL MODUL 4 - MEMBACA SOURCE CODE XINU closes', '', '2025-11-15 16:59:00', 'Individu', 'Aktif'),
('LMS-691c0fd5398e0', '103012300399', 'GENERAL', 'QUIZ AWAL MODUL 5 IF-48-01PJJ closes', '', '2025-11-15 16:59:00', 'Individu', 'Aktif'),
('LMS-691c0fd53a249', '103012300399', 'GENERAL', 'QUIZ AWAL MODUL 5 IF-48-02PJJ closes', '', '2025-11-15 16:59:00', 'Individu', 'Aktif'),
('LMS-691c0fd53ab59', '103012300399', 'GENERAL', 'QUIZ AWAL MODUL 5 IF-48-03PJJ closes', '', '2025-11-15 16:59:00', 'Individu', 'Aktif'),
('LMS-691c0fd53b405', '103012300399', 'GENERAL', '[IF-48-03PJJ] JURNAL MODUL 3 - EKSPLORASI XINU closes', '', '2025-11-15 16:59:00', 'Individu', 'Aktif'),
('LMS-691c0fd53bd20', '103012300399', 'GENERAL', 'QUIZ AWAL MODUL 6 IF-48-01PJJ closes', '', '2025-11-15 16:59:00', 'Individu', 'Aktif'),
('LMS-691c0fd53c617', '103012300399', 'GENERAL', 'QUIZ AWAL MODUL 6 IF-48-02PJJ closes', '', '2025-11-15 16:59:00', 'Individu', 'Aktif'),
('LMS-691c0fd53d3b1', '103012300399', 'GENERAL', 'QUIZ AWAL MODUL 6 IF-48-03PJJ closes', '', '2025-11-15 16:59:00', 'Individu', 'Aktif'),
('LMS-691c0fd53e200', '103012300399', 'GENERAL', 'QUIZ AWAL MODUL 7 IF-48-01PJJ closes', '', '2025-11-15 16:59:00', 'Individu', 'Aktif'),
('LMS-691c0fd53ec39', '103012300399', 'GENERAL', 'QUIZ AWAL MODUL 7 IF-48-03PJJ closes', '', '2025-11-15 16:59:00', 'Individu', 'Aktif'),
('LMS-691c0fd53f574', '103012300399', 'GENERAL', 'QUIZ AWAL MODUL 7 IF-48-02PJJ closes', '', '2025-11-15 16:59:00', 'Individu', 'Aktif'),
('LMS-691c0fd53ff3d', '103012300399', 'GENERAL', '[IF-48-01PJJ] JURNAL MODUL 5 - EKSPLORASI PROSES closes', '', '2025-11-15 16:59:00', 'Individu', 'Aktif'),
('LMS-691c0fd540883', '103012300399', 'GENERAL', '[IF-48-02PJJ] JURNAL MODUL 5 - EKSPLORASI PROSES closes', '', '2025-11-15 16:59:00', 'Individu', 'Aktif'),
('LMS-691c0fd54120f', '103012300399', 'GENERAL', '[IF-48-03PJJ] JURNAL MODUL 5 - EKSPLORASI PROSES closes', '', '2025-11-15 16:59:00', 'Individu', 'Aktif'),
('LMS-691c0fd541ba2', '103012300399', 'GENERAL', '[IF-48-01PJJ] JURNAL MODUL 6 - SEKUENSIAL &amp\\; KONKUREN closes', '', '2025-11-15 16:59:00', 'Individu', 'Aktif'),
('LMS-691c0fd54241d', '103012300399', 'GENERAL', '[IF-48-02PJJ] JURNAL MODUL 6 - SEKUENSIAL &amp\\; KONKUREN closes', '', '2025-11-15 16:59:00', 'Individu', 'Aktif'),
('LMS-691c0fd542ca3', '103012300399', 'GENERAL', '[IF-48-03PJJ] JURNAL MODUL 6 - SEKUENSIAL &amp\\; KONKUREN closes', '', '2025-11-15 16:59:00', 'Individu', 'Aktif'),
('LMS-691c0fd543548', '103012300399', 'GENERAL', '[IF-48-03PJJ] JURNAL MODUL 7 - SEMAPHORE closes', '', '2025-11-15 16:59:00', 'Individu', 'Aktif'),
('LMS-691c0fd543e4d', '103012300399', 'GENERAL', '[IF-48-01PJJ] JURNAL MODUL 7 - SEMAPHORE closes', '', '2025-11-15 16:59:00', 'Individu', 'Aktif'),
('LMS-691c0fd5447bb', '103012300399', 'GENERAL', '[IF-48-02PJJ] JURNAL MODUL 7 - SEMAPHORE closes', '', '2025-11-15 16:59:00', 'Individu', 'Aktif'),
('LMS-691c0fd5450dd', '103012300399', 'GENERAL', 'QUIZ AWAL MODUL 8 IF-48-01PJJ closes', '', '2025-11-15 16:59:00', 'Individu', 'Aktif'),
('LMS-691c0fd545a85', '103012300399', 'GENERAL', 'QUIZ AWAL MODUL 8 IF-48-02PJJ closes', '', '2025-11-15 16:59:00', 'Individu', 'Aktif'),
('LMS-691c0fd54633c', '103012300399', 'GENERAL', 'QUIZ AWAL MODUL 8 IF-48-03PJJ closes', '', '2025-11-15 16:59:00', 'Individu', 'Aktif'),
('LMS-691c0fd546c7e', '103012300399', 'GENERAL', 'QUIZ AWAL MODUL 9 IF-48-01PJJ closes', '', '2025-11-15 16:59:00', 'Individu', 'Aktif'),
('LMS-691c0fd547575', '103012300399', 'GENERAL', 'QUIZ AWAL MODUL 9 IF-48-02PJJ closes', '', '2025-11-15 16:59:00', 'Individu', 'Aktif'),
('LMS-691c0fd547f4d', '103012300399', 'GENERAL', 'QUIZ AWAL MODUL 9 IF-48-03PJJ closes', '', '2025-11-15 16:59:00', 'Individu', 'Aktif'),
('LMS-691c0fd54883e', '103012300399', 'GENERAL', 'Quiz Awal Modul 10 IF-48-06 closes', '', '2025-11-16 23:00:00', 'Individu', 'Aktif'),
('LMS-691c0fd5490eb', '103012300399', 'GENERAL', 'Quiz Awal Modul 10 IF-48-07 closes', '', '2025-11-16 23:00:00', 'Individu', 'Aktif'),
('LMS-691c0fd5499cb', '103012300399', 'GENERAL', 'Quiz Awal Modul 10 IF-48-08 closes', '', '2025-11-16 23:00:00', 'Individu', 'Aktif'),
('LMS-691c0fd54a29b', '103012300399', 'GENERAL', 'Quiz Awal Modul 10 IF-48-09 closes', '', '2025-11-16 23:00:00', 'Individu', 'Aktif'),
('LMS-691c0fd54ab4a', '103012300399', 'GENERAL', 'Quiz Awal Modul 10 IF-48-10 closes', '', '2025-11-16 23:00:00', 'Individu', 'Aktif'),
('LMS-691c0fd54b3c4', '103012300399', 'GENERAL', 'Quiz Awal Modul 10 IF-48-11 closes', '', '2025-11-16 23:00:00', 'Individu', 'Aktif'),
('LMS-691c0fd54bc0b', '103012300399', 'GENERAL', 'Quiz Awal Modul 10 IF-48-12 closes', '', '2025-11-16 23:00:00', 'Individu', 'Aktif'),
('LMS-691c0fd54c78f', '103012300399', 'GENERAL', 'Quiz Awal Modul 10 IFX-48-GAB closes', '', '2025-11-16 23:00:00', 'Individu', 'Aktif'),
('LMS-691c0fd54d1f1', '103012300399', 'GENERAL', 'Preliminary Quiz Module 10 IF-48-INT closes', '', '2025-11-16 23:00:00', 'Individu', 'Aktif'),
('LMS-691c0fd54db8d', '103012300399', 'GENERAL', 'Quiz Awal Modul 10 IF-48-01 closes', '', '2025-11-16 23:00:00', 'Individu', 'Aktif'),
('LMS-691c0fd54e45a', '103012300399', 'GENERAL', 'Quiz Awal Modul 10 IF-48-05 closes', '', '2025-11-16 23:00:00', 'Individu', 'Aktif'),
('LMS-691c0fd54eca6', '103012300399', 'GENERAL', 'Quiz Awal Modul 10 IF-48-04 closes', '', '2025-11-16 23:00:00', 'Individu', 'Aktif'),
('LMS-691c0fd54f584', '103012300399', 'GENERAL', 'Quiz Awal Modul 10 IF-48-03 closes', '', '2025-11-16 23:00:00', 'Individu', 'Aktif'),
('LMS-691c0fd550104', '103012300399', 'GENERAL', 'Quiz Awal Modul 10 IF-48-02 closes', '', '2025-11-16 23:00:00', 'Individu', 'Aktif'),
('LMS-691c0fd550d80', '103012300399', 'GENERAL', 'Quiz Awal Modul 10 IF-48-06 should be completed', '', '2025-11-16 23:00:00', 'Individu', 'Aktif'),
('LMS-691c0fd5516dc', '103012300399', 'GENERAL', 'Quiz Awal Modul 10 IF-48-07 should be completed', '', '2025-11-16 23:00:00', 'Individu', 'Aktif'),
('LMS-691c0fd551f64', '103012300399', 'GENERAL', 'Quiz Awal Modul 10 IF-48-08 should be completed', '', '2025-11-16 23:00:00', 'Individu', 'Aktif'),
('LMS-691c0fd5527db', '103012300399', 'GENERAL', 'Quiz Awal Modul 10 IF-48-09 should be completed', '', '2025-11-16 23:00:00', 'Individu', 'Aktif'),
('LMS-691c0fd5530c8', '103012300399', 'GENERAL', 'Quiz Awal Modul 10 IF-48-10 should be completed', '', '2025-11-16 23:00:00', 'Individu', 'Aktif'),
('LMS-691c0fd55396b', '103012300399', 'GENERAL', 'Quiz Awal Modul 10 IF-48-11 should be completed', '', '2025-11-16 23:00:00', 'Individu', 'Aktif'),
('LMS-691c0fd554270', '103012300399', 'GENERAL', 'Quiz Awal Modul 10 IF-48-12 should be completed', '', '2025-11-16 23:00:00', 'Individu', 'Aktif'),
('LMS-691c0fd554bd2', '103012300399', 'GENERAL', 'Quiz Awal Modul 10 IFX-48-GAB should be completed', '', '2025-11-16 23:00:00', 'Individu', 'Aktif'),
('LMS-691c0fd5556f0', '103012300399', 'GENERAL', 'Preliminary Quiz Module 10 IF-48-INT should be completed', '', '2025-11-16 23:00:00', 'Individu', 'Aktif'),
('LMS-691c0fd556125', '103012300399', 'GENERAL', 'Quiz Awal Modul 10 IF-48-01 should be completed', '', '2025-11-16 23:00:00', 'Individu', 'Aktif'),
('LMS-691c0fd556ab1', '103012300399', 'GENERAL', 'Quiz Awal Modul 10 IF-48-05 should be completed', '', '2025-11-16 23:00:00', 'Individu', 'Aktif'),
('LMS-691c0fd55741c', '103012300399', 'GENERAL', 'Quiz Awal Modul 10 IF-48-04 should be completed', '', '2025-11-16 23:00:00', 'Individu', 'Aktif'),
('LMS-691c0fd557cf6', '103012300399', 'GENERAL', 'Quiz Awal Modul 10 IF-48-03 should be completed', '', '2025-11-16 23:00:00', 'Individu', 'Aktif'),
('LMS-691c0fd558596', '103012300399', 'GENERAL', 'Quiz Awal Modul 10 IF-48-02 should be completed', '', '2025-11-16 23:00:00', 'Individu', 'Aktif'),
('LMS-691c0fd558e24', '103012300399', 'GENERAL', '[IF-48-02] Jurnal Modul 10 - Shell opens', '', '2025-11-16 23:40:00', 'Individu', 'Aktif'),
('LMS-691c0fd559646', '103012300399', 'GENERAL', '[IF-48-02] Jurnal Modul 10 - Shell closes', '', '2025-11-17 01:20:00', 'Individu', 'Aktif'),
('LMS-691c0fd559e8f', '103012300399', 'GENERAL', 'c. QUIZ #i - DOKUMENTASI opens', 'Boleh diulang sampai mendapat nilai 10.\\n\\nNilai (yang berbeda)', '2025-11-17 04:56:00', 'Individu', 'Aktif'),
('LMS-691c0fd55a6f4', '103012300399', 'GENERAL', '[IF-48-09] Jurnal Modul 10 - Shell opens', '', '2025-11-17 05:40:00', 'Individu', 'Aktif'),
('LMS-691c0fd55bc60', '103012300399', 'GENERAL', '[IF-48-09] Jurnal Modul 10 - Shell closes', '', '2025-11-17 07:20:00', 'Individu', 'Selesai'),
('LMS-691c0fd55c55f', '103012300399', 'GENERAL', '[IF-48-10] Jurnal Modul 10 - Shell dibuka', '', '2025-11-17 08:40:00', 'Individu', 'Aktif'),
('LMS-691c0fd55ce5a', '103012300399', 'GENERAL', '[IF-48-10] Jurnal Modul 10 - Shell akan berakhir', '', '2025-11-17 10:20:00', 'Individu', 'Aktif'),
('LMS-691c0fd55d6de', '103012300399', 'GENERAL', '[IF-48-08] Jurnal Modul 10 - Shell opens', '', '2025-11-17 23:40:00', 'Individu', 'Aktif'),
('LMS-691c0fd55df86', '103012300399', 'GENERAL', '[IF-48-12] Jurnal Modul 10 - Shell opens', '', '2025-11-17 23:40:00', 'Individu', 'Aktif'),
('LMS-691c0fd55e7fd', '103012300399', 'GENERAL', '[IF-48-08] Jurnal Modul 10 - Shell closes', '', '2025-11-18 01:20:00', 'Individu', 'Aktif'),
('LMS-691c0fd55f072', '103012300399', 'GENERAL', '[IF-48-12] Jurnal Modul 10 - Shell closes', '', '2025-11-18 01:20:00', 'Individu', 'Aktif'),
('LMS-691c0fd55fa52', '103012300399', 'GENERAL', '[IF-48-07] Jurnal Modul 10 - Shell opens', '', '2025-11-18 02:40:00', 'Individu', 'Aktif'),
('LMS-691c0fd560326', '103012300399', 'GENERAL', '[IFX-48-GAB] Jurnal Modul 10 - Shell opens', '', '2025-11-18 02:40:00', 'Individu', 'Aktif'),
('LMS-691c0fd560bf1', '103012300399', 'GENERAL', '[IF-48-07] Jurnal Modul 10 - Shell closes', '', '2025-11-18 04:20:00', 'Individu', 'Aktif'),
('LMS-691c0fd561499', '103012300399', 'GENERAL', '[IFX-48-GAB] Jurnal Modul 10 - Shell closes', '', '2025-11-18 04:20:00', 'Individu', 'Aktif'),
('LMS-691c0fd561e3d', '103012300399', 'GENERAL', '[IF-48-INT] Module 10 Journal - Shell opens', '', '2025-11-18 23:40:00', 'Individu', 'Selesai'),
('LMS-691c0fd5626f8', '103012300399', 'GENERAL', '[IF-48-INT] Module 10 Journal - Shell closes', '', '2025-11-19 01:20:00', 'Individu', 'Selesai'),
('LMS-691c0fd563131', '103012300399', 'GENERAL', '[IF-48-04] Jurnal Modul 10 - Shell opens', '', '2025-11-19 23:40:00', 'Individu', 'Selesai'),
('LMS-691c0fd563ae8', '103012300399', 'GENERAL', '[IF-48-04] Jurnal Modul 10 - Shell closes', '', '2025-11-20 01:20:00', 'Individu', 'Aktif'),
('LMS-691c0fd56446f', '103012300399', 'GENERAL', '[IF-48-06] Jurnal Modul 10 - Shell opens', '', '2025-11-20 02:40:00', 'Individu', 'Aktif'),
('LMS-691c0fd564f0f', '103012300399', 'GENERAL', '[IF-48-06] Jurnal Modul 10 - Shell closes', '', '2025-11-20 04:20:00', 'Individu', 'Aktif'),
('LMS-691c0fd5659ce', '103012300399', 'GENERAL', '[IF-48-03PJJ] JURNAL MODUL 9 - SYSCALL closes', '', '2025-11-20 16:59:00', 'Individu', 'Aktif'),
('LMS-691c0fd5662cf', '103012300399', 'GENERAL', '[IF-48-02PJJ] JURNAL MODUL 9 - SYSCALL closes', '', '2025-11-20 16:59:00', 'Individu', 'Aktif'),
('LMS-691c0fd566bea', '103012300399', 'GENERAL', '[IF-48-01PJJ] JURNAL MODUL 9 - SYSCALL closes', '', '2025-11-20 16:59:00', 'Individu', 'Aktif'),
('LMS-691c0fd5675be', '103012300399', 'GENERAL', '[IF-48-01] Jurnal Modul 10 - Shell opens', '', '2025-11-21 00:40:00', 'Individu', 'Aktif'),
('LMS-691c0fd567efa', '103012300399', 'GENERAL', '[IF-48-01] Jurnal Modul 10 - Shell closes', '', '2025-11-21 02:20:00', 'Individu', 'Aktif'),
('LMS-691c0fd5687fa', '103012300399', 'GENERAL', '[IF-48-05] Jurnal Modul 10 - Shell opens', '', '2025-11-22 00:40:00', 'Individu', 'Aktif'),
('LMS-691c0fd569023', '103012300399', 'GENERAL', '[IF-48-05] Jurnal Modul 10 - Shell closes', '', '2025-11-22 02:20:00', 'Individu', 'Aktif'),
('LMS-691c0fd56997c', '103012300399', 'GENERAL', '[IF-48-11] Jurnal Modul 10 - Shell opens', '', '2025-11-22 03:40:00', 'Individu', 'Aktif'),
('LMS-691c0fd56a253', '103012300399', 'GENERAL', '[IF-48-11] Jurnal Modul 10 - Shell closes', '', '2025-11-22 05:20:00', 'Individu', 'Aktif'),
('LMS-691c0fd56ab3d', '103012300399', 'GENERAL', 'Tugas 9 - Dasar Komputasi Awan is due', '', '2025-11-22 06:30:00', 'Individu', 'Aktif'),
('LMS-691c0fd56b398', '103012300399', 'GENERAL', 'Kuis 9 - Dasar Komputasi Awan closes', '', '2025-11-22 06:30:00', 'Individu', 'Aktif'),
('LMS-691c0fd56bc0c', '103012300399', 'GENERAL', '[IF-48-03] Jurnal Modul 10 - Shell opens', '', '2025-11-22 06:40:00', 'Individu', 'Aktif'),
('LMS-691c0fd56c4a7', '103012300399', 'GENERAL', '[IF-48-03] Jurnal Modul 10 - Shell closes', '', '2025-11-21 23:59:00', 'Individu', 'Aktif'),
('LMS-691c0fd56cd6e', '103012300399', 'GENERAL', 'Kuis 10 - Arsitektur Komputasi Awan opens', '', '2025-11-20 23:59:00', 'Individu', 'Aktif'),
('LMS-691c0fd56dc60', '103012300399', 'GENERAL', 'c. QUIZ #i - DOKUMENTASI closes', 'Boleh diulang sampai mendapat nilai 10.\\n\\nNilai (yang berbeda)', '2025-11-22 16:59:00', 'Individu', 'Aktif'),
('LMS-691c0fd56e61a', '103012300399', 'GENERAL', 'TUGAS DECISION TREE CLASSIFICATION is due', 'DARI DATASET BERIKUT\\, HITUNG ENTROPY DAN INFORMATION GAIN SEPE', '2025-11-22 17:00:00', 'Individu', 'Aktif'),
('LMS-691c0fd56effc', '103012300399', 'GENERAL', 'c. QUIZ #i - REFACTORING opens', 'Boleh diulang sampai dapat 10.\\nNilai (yang berbeda) akan dirat', '2025-11-24 03:57:00', 'Individu', 'Aktif'),
('LMS-691c0fd56f925', '103012300399', 'GENERAL', 'c. QUIZ #i - REFACTORING closes', 'Boleh diulang sampai dapat 10.\\nNilai (yang berbeda) akan dirat', '2025-11-29 03:57:00', 'Individu', 'Aktif'),
('LMS-691c0fd5701a8', '103012300399', 'GENERAL', 'Tugas 10 - Arsitektur Komputasi Awan is due', '', '2025-11-29 06:30:00', 'Individu', 'Aktif'),
('LMS-691c0fd570a52', '103012300399', 'GENERAL', 'Kuis 10 - Arsitektur Komputasi Awan closes', '', '2025-11-29 06:30:00', 'Individu', 'Aktif'),
('LMS-691c0fd571393', '103012300399', 'GENERAL', 'Tugas 5 is due', '* Tulis makalah lengkap (mulai judul\\, penulis\\, abstrak\\, pen', '2025-12-07 16:59:00', 'Individu', 'Aktif'),
('LMS-691c0fd571da1', '103012300399', 'GENERAL', 'Final Project (Minggu 1-14) is due', '* Final Project dikerjakan secara berkelompok\\, 1 kelompok ter', '2025-12-20 16:59:00', 'Individu', 'Aktif'),
('LMS-691c0fd572689', '103012300399', 'GENERAL', 'Pengumpulan Tugas PPT is due', 'Silahkan untuk upload tugas beruupa PPT\\n', '2025-12-28 08:00:00', 'Individu', 'Aktif'),
('LMS-691c0fd573170', '103012300399', 'GENERAL', 'Pengumpulan Video is due', 'Silahkan uplaod link video proyek sosial\\n\\n', '2025-12-28 08:00:00', 'Individu', 'Aktif'),
('LMS-691c17fa0a63b', '103012300239', 'GENERAL', 'c. QUIZ #i - DOKUMENTASI opens', 'Boleh diulang sampai mendapat nilai 10.\\n\\nNilai (yang berbeda)', '2025-11-17 04:56:00', 'Individu', 'Selesai'),
('LMS-691c17fa0b257', '103012300239', 'GENERAL', 'd. TUGAS Week #9 -  Ragam uji data masukan error Form IMK is due', 'Tugas Kelompok\\n\\nUntuk sejumlah form yang setara dengan aplika', '2025-11-18 06:00:00', 'Individu', 'Selesai'),
('LMS-691c17fa0bbc6', '103012300239', 'GENERAL', 'Quiz Review - Manpro 9 - Stakeholder akan berakhir', 'Merupakan kuis yang ditujukan untuk mereview konten per pokok b', '2025-11-21 16:59:00', 'Individu', 'Selesai'),
('LMS-691c17fa0c5e8', '103012300239', 'GENERAL', 'c. QUIZ #i - DOKUMENTASI closes', 'Boleh diulang sampai mendapat nilai 10.\\n\\nNilai (yang berbeda)', '2025-11-22 16:59:00', 'Individu', 'Selesai'),
('LMS-691c17fa0cf7c', '103012300239', 'GENERAL', 'c. QUIZ #i - REFACTORING opens', 'Boleh diulang sampai dapat 10.\\nNilai (yang berbeda) akan dirat', '2025-11-24 03:57:00', 'Individu', 'Aktif'),
('LMS-691c17fa0d8f7', '103012300239', 'GENERAL', 'Submit your Assignment 3  here (submit as pdf file) is due', '•Deskripsi: Merancang sebuah artikel ilmiah\\n•Tujuan: Mahasiswa', '2025-11-28 16:59:00', 'Individu', 'Aktif'),
('LMS-691c17fa0e29c', '103012300239', 'GENERAL', 'c. QUIZ #i - REFACTORING closes', 'Boleh diulang sampai dapat 10.\\nNilai (yang berbeda) akan dirat', '2025-11-29 03:57:00', 'Individu', 'Aktif'),
('LMS-691c17fa0eb58', '103012300239', 'GENERAL', 'Submit your Assignment 4 here is due', '•Deskripsi: Menulis sebuah artikel ilmiah sesuai draft yang sud', '2025-12-05 16:59:00', 'Individu', 'Aktif'),
('LMS-691c17fa0f4d5', '103012300239', 'GENERAL', 'd. TUGAS #6 - KASUS UJI PROGRAM SEGITIGA is due', '', '2025-12-05 17:00:00', 'Individu', 'Aktif'),
('LMS-691c17fa10023', '103012300239', 'GENERAL', 'c. TUGAS #3 - MENYIAPKAN DUPL dari SKPL &amp\\; DPPL is due', '', '2025-12-12 17:00:00', 'Individu', 'Aktif'),
('LMS-691c17fa10af9', '103012300239', 'GENERAL', 'd. TUGAS i - Mengukur OO Metric is due', '', '2025-12-19 17:00:00', 'Individu', 'Aktif'),
('LMS-691c17fa11414', '103012300239', 'GENERAL', 'Final Project (Minggu 1-14) is due', '* Final Project dikerjakan secara berkelompok\\, 1 kelompok ter', '2025-12-20 16:59:00', 'Individu', 'Aktif'),
('LMS-691c17fa11e42', '103012300239', 'GENERAL', 'UPLOAD SLIDE PRESENTASI is due', '', '2025-12-26 17:00:00', 'Individu', 'Aktif'),
('LMS-691c17fa13833', '103012300239', 'GENERAL', 'SOURCE CODE is due', 'Dokumen Source Code [1] atau link GitHub\\n\\n\\nLinks:\\n------\\n[', '2025-12-26 17:00:00', 'Individu', 'Aktif'),
('LMS-691c17fa144f6', '103012300239', 'GENERAL', 'UPLOAD DOKUMEN USER MANUAL is due', '', '2025-12-26 17:00:00', 'Individu', 'Aktif'),
('LMS-691c17fa1500e', '103012300239', 'GENERAL', 'UPLOAD DOKUMEN SKPL\\, DPPL\\, DUPL is due', '', '2025-12-26 17:00:00', 'Individu', 'Aktif'),
('LMS-691c17fa15b5f', '103012300239', 'GENERAL', 'QUIZ FINAL - Evaluasi anggota Kelompok is due', '', '2025-12-26 17:00:00', 'Individu', 'Aktif'),
('LMS-691c17fa164eb', '103012300239', 'GENERAL', 'Pengumpulan Tugas PPT is due', 'Silahkan untuk upload tugas beruupa PPT\\n', '2025-12-28 08:00:00', 'Individu', 'Aktif'),
('LMS-691c17fa16df4', '103012300239', 'GENERAL', 'Pengumpulan Video is due', 'Silahkan uplaod link video proyek sosial\\n\\n', '2025-12-28 08:00:00', 'Individu', 'Aktif'),
('LMS-691c17fa176b8', '103012300239', 'GENERAL', 'Draft DNA dimunculkan is due', '', '2026-01-10 09:00:00', 'Individu', 'Aktif'),
('LMS-694d5e82c9b63', '1301220366', 'GENERAL', 'Kuis 15 - Working with Clouds opens', '', '2025-12-23 04:20:00', 'Individu', 'Aktif'),
('LMS-694d5e82ca826', '1301220366', 'GENERAL', 'UPLOAD SLIDE PRESENTASI is due', '', '2025-12-26 17:00:00', 'Individu', 'Aktif'),
('LMS-694d5e82cb30d', '1301220366', 'GENERAL', 'SOURCE CODE is due', 'Dokumen Source Code [1] atau link GitHub\\n\\n\\nLinks:\\n------\\n[', '2025-12-26 17:00:00', 'Individu', 'Aktif'),
('LMS-694d5e82cc34d', '1301220366', 'GENERAL', 'UPLOAD DOKUMEN USER MANUAL is due', '', '2025-12-26 17:00:00', 'Individu', 'Aktif'),
('LMS-694d5e82cd337', '1301220366', 'GENERAL', 'UPLOAD DOKUMEN SKPL\\, DPPL\\, DUPL is due', '', '2025-12-26 17:00:00', 'Individu', 'Aktif'),
('LMS-694d5e82cdf31', '1301220366', 'GENERAL', 'QUIZ FINAL - Evaluasi anggota Kelompok is due', '', '2025-12-26 17:00:00', 'Individu', 'Aktif'),
('LMS-694d5e82cebfc', '1301220366', 'GENERAL', 'Pengumpulan Tugas PPT is due', 'Silahkan untuk upload tugas beruupa PPT\\n', '2025-12-28 08:00:00', 'Individu', 'Aktif'),
('LMS-694d5e82cf8f5', '1301220366', 'GENERAL', 'Pengumpulan Video is due', 'Silahkan uplaod link video proyek sosial\\n\\n', '2025-12-28 08:00:00', 'Individu', 'Aktif'),
('MANUAL-1766671210', '1301200001', 'IF-123', 'Test Tugas Baru', 'Ini adalah test tugas', '2025-12-30 23:59:00', 'Individu', 'Aktif'),
('MANUAL-1766671373', '1301200001', 'MK-664FDF', 'basdat2', 'okk', '2025-12-25 12:06:00', 'Individu', 'Aktif'),
('MANUAL-1766676995', '1301220366', 'MK-664FDF', 'uas basdat', 'ddd', '2025-12-25 22:36:00', 'Individu', 'Selesai'),
('MANUAL-1766677735', '1301220366', 'MK-20A69A', 'Sapi Gemoy', 'SS', '2026-01-05 22:48:00', 'Individu', 'Aktif'),
('MANUAL-1766684482', '1030222344', 'MK-651C56', 'wdwdw', 'ddd', '2026-01-03 04:41:00', 'Individu', 'Aktif'),
('MANUAL-1766685142', '1030222344', 'MK-664FDF', 'Kambing Ganteng', 'dd', '2025-12-27 00:52:00', 'Individu', 'In Progress'),
('MANUAL-1766692588', '1301200001', 'MK-793E45', 'Test Tugas Baru 222', 'OO', '2025-12-27 10:55:00', 'Individu', 'Aktif'),
('MANUAL-1766697542', '20202020', 'MK-C299B1', 'wdwd', 'ss', '2025-12-27 04:18:00', 'Individu', 'Selesai'),
('MANUAL-1766697672', '20202020', 'MK-B02FE6', 'Kambing Ganteng', 'sss', '2026-01-02 10:21:00', 'Individu', 'Selesai'),
('MANUAL-1766702644', '20202020', 'MK-226642', 'efefee', 'fef', '2026-01-02 05:43:00', 'Individu', 'Selesai'),
('MANUAL-1766702766', '20202020', 'MK-D45A45', 'hhh', 'kkk', '2026-01-02 05:46:00', 'Individu', 'Aktif'),
('TSK-E1684645', '101011', 'GENERAL', 'Kambing Ganteng', 'KK', '2025-12-27 06:49:00', 'Individu', 'Aktif');

--
-- Indexes for dumped tables
--

--
-- Indexes for table `dosen`
--
ALTER TABLE `dosen`
  ADD PRIMARY KEY (`KodeDosen`);

--
-- Indexes for table `grup`
--
ALTER TABLE `grup`
  ADD PRIMARY KEY (`KodeGrup`),
  ADD KEY `CreatedBy` (`CreatedBy`);

--
-- Indexes for table `grup_anggota`
--
ALTER TABLE `grup_anggota`
  ADD PRIMARY KEY (`ID`),
  ADD UNIQUE KEY `unique_member` (`KodeGrup`,`NIM`),
  ADD KEY `NIM` (`NIM`);

--
-- Indexes for table `grup_invite`
--
ALTER TABLE `grup_invite`
  ADD PRIMARY KEY (`ID`),
  ADD UNIQUE KEY `InviteCode` (`InviteCode`),
  ADD KEY `KodeGrup` (`KodeGrup`),
  ADD KEY `CreatedBy` (`CreatedBy`);

--
-- Indexes for table `grup_jadwal`
--
ALTER TABLE `grup_jadwal`
  ADD PRIMARY KEY (`KodeJadwal`),
  ADD KEY `KodeGrup` (`KodeGrup`),
  ADD KEY `CreatedBy` (`CreatedBy`);

--
-- Indexes for table `jadwalkuliah`
--
ALTER TABLE `jadwalkuliah`
  ADD PRIMARY KEY (`KodeJadwal`),
  ADD KEY `KodeMK` (`KodeMK`),
  ADD KEY `NIM` (`NIM`);

--
-- Indexes for table `mahasiswa`
--
ALTER TABLE `mahasiswa`
  ADD PRIMARY KEY (`NIM`),
  ADD UNIQUE KEY `Email` (`Email`);

--
-- Indexes for table `matakuliah`
--
ALTER TABLE `matakuliah`
  ADD PRIMARY KEY (`KodeMK`),
  ADD KEY `KodeDosen` (`KodeDosen`);

--
-- Indexes for table `tugas`
--
ALTER TABLE `tugas`
  ADD PRIMARY KEY (`KodeTugas`),
  ADD KEY `KodeMK` (`KodeMK`),
  ADD KEY `NIM` (`NIM`);

--
-- AUTO_INCREMENT for dumped tables
--

--
-- AUTO_INCREMENT for table `grup_anggota`
--
ALTER TABLE `grup_anggota`
  MODIFY `ID` int NOT NULL AUTO_INCREMENT, AUTO_INCREMENT=188;

--
-- AUTO_INCREMENT for table `grup_invite`
--
ALTER TABLE `grup_invite`
  MODIFY `ID` int NOT NULL AUTO_INCREMENT, AUTO_INCREMENT=3;

--
-- AUTO_INCREMENT for table `jadwalkuliah`
--
ALTER TABLE `jadwalkuliah`
  MODIFY `KodeJadwal` int NOT NULL AUTO_INCREMENT, AUTO_INCREMENT=26;

--
-- Constraints for dumped tables
--

--
-- Constraints for table `grup`
--
ALTER TABLE `grup`
  ADD CONSTRAINT `grup_ibfk_1` FOREIGN KEY (`CreatedBy`) REFERENCES `mahasiswa` (`NIM`);

--
-- Constraints for table `grup_anggota`
--
ALTER TABLE `grup_anggota`
  ADD CONSTRAINT `grup_anggota_ibfk_1` FOREIGN KEY (`KodeGrup`) REFERENCES `grup` (`KodeGrup`) ON DELETE CASCADE,
  ADD CONSTRAINT `grup_anggota_ibfk_2` FOREIGN KEY (`NIM`) REFERENCES `mahasiswa` (`NIM`) ON DELETE CASCADE;

--
-- Constraints for table `grup_invite`
--
ALTER TABLE `grup_invite`
  ADD CONSTRAINT `grup_invite_ibfk_1` FOREIGN KEY (`KodeGrup`) REFERENCES `grup` (`KodeGrup`) ON DELETE CASCADE,
  ADD CONSTRAINT `grup_invite_ibfk_2` FOREIGN KEY (`CreatedBy`) REFERENCES `mahasiswa` (`NIM`);

--
-- Constraints for table `grup_jadwal`
--
ALTER TABLE `grup_jadwal`
  ADD CONSTRAINT `grup_jadwal_ibfk_1` FOREIGN KEY (`KodeGrup`) REFERENCES `grup` (`KodeGrup`) ON DELETE CASCADE,
  ADD CONSTRAINT `grup_jadwal_ibfk_2` FOREIGN KEY (`CreatedBy`) REFERENCES `mahasiswa` (`NIM`);

--
-- Constraints for table `jadwalkuliah`
--
ALTER TABLE `jadwalkuliah`
  ADD CONSTRAINT `fk_jadwal_mhs` FOREIGN KEY (`NIM`) REFERENCES `mahasiswa` (`NIM`) ON DELETE CASCADE,
  ADD CONSTRAINT `fk_jadwal_mk` FOREIGN KEY (`KodeMK`) REFERENCES `matakuliah` (`KodeMK`) ON DELETE CASCADE;

--
-- Constraints for table `matakuliah`
--
ALTER TABLE `matakuliah`
  ADD CONSTRAINT `fk_matakuliah_dosen` FOREIGN KEY (`KodeDosen`) REFERENCES `dosen` (`KodeDosen`) ON DELETE SET NULL;

--
-- Constraints for table `tugas`
--
ALTER TABLE `tugas`
  ADD CONSTRAINT `fk_tugas_mhs` FOREIGN KEY (`NIM`) REFERENCES `mahasiswa` (`NIM`) ON DELETE CASCADE,
  ADD CONSTRAINT `fk_tugas_mk` FOREIGN KEY (`KodeMK`) REFERENCES `matakuliah` (`KodeMK`) ON DELETE CASCADE;
COMMIT;

/*!40101 SET CHARACTER_SET_CLIENT=@OLD_CHARACTER_SET_CLIENT */;
/*!40101 SET CHARACTER_SET_RESULTS=@OLD_CHARACTER_SET_RESULTS */;
/*!40101 SET COLLATION_CONNECTION=@OLD_COLLATION_CONNECTION */;
